,xopt,yopt,regret,doe,precision,f_s,min_dist_to_opt,maxx_dist_to_opt,real_xopt,real_yopt,bo_history
0,"[-1.1921505977442903, 1.3158689741769944]",[-351.56837405],[7.87162595],"[[ 2.17769673 -2.20676988]
 [-4.97100267 -4.86246215]
 [ 1.37744528  4.4603708 ]
 [ 2.05131661 -1.92545602]
 [-4.95171907 -0.24241465]
 [-2.41699606 -4.7238717 ]]",1038478251.4171634,0,3.4809245701461915,7.215763101439407,[-0.30217356  0.63928956],-359.44,"[[[2.1776967318845113, -2.2067698759035848], [-4.971002668148808, -4.862462150636148], [1.3774452779940614, 4.460370796986725], [2.0513166106646965, -1.9254560202185313], [-4.95171907431104, -0.24241464760066034], [-2.4169960583145365, -4.723871699193594]], [[-2.0516928701709762, -0.567965484021132]], [[-5.0, 1.525228230904534]], [[3.4297188258608777, -5.0]], [[0.24344458434641242, -1.964611132568821]], [[-5.0, 0.4868541190580213]], [[-5.0, 5.0]], [[5.0, -1.1482165709732548]], [[-5.0, 3.674848089264384]], [[5.0, 0.870320090548994]], [[-3.039443153189732, -1.0000632685221174]], [[-1.4061098275996682, -1.133069397467128]], [[-3.0789554841542066, 0.4813109620218443]], [[-0.09919056187055625, 0.898713891499997]], [[-1.856153610391156, 1.8423471853509672]], [[-1.1921505977442903, 1.3158689741769944]], [[0.6749459430524958, 0.004839970396854296]], [[-3.7788839717030216, 2.8617229036246927]], [[5.0, -4.045421665264374]], [[-5.0, -2.959548326680788]], [[1.2362319180702845, -3.583893196866441]], [[3.2080078637286853, 3.197054843951923]], [[-5.0, 4.628525387876618]], [[2.5843929965965904, -2.109396216796619]], [[-0.5245108806218568, 3.7652540655365496]], [[1.9016888488027073, -0.10542940039727502]], [[-4.90363832557858, 0.38971774251852437]]]"
1,"[0.023987287919889282, 0.9842247126948293]",[124.44370755],[0.61370755],"[[ 4.90639536  0.77674053]
 [ 4.46972383  2.86145721]
 [ 1.20830606 -2.72674573]
 [ 4.25447242 -4.74589309]
 [-4.61932211  3.27427669]
 [-1.75365816 -0.16600877]]",1692731721.6631186,1,1.9318391565633988,6.934368143403052,[-0.03006086  0.70646751],123.83,"[[[4.906395363911582, 0.7767405341158327], [4.469723830811384, 2.861457214448457], [1.2083060649203894, -2.726745728393664], [4.254472420400827, -4.745893090260252], [-4.619322107543443, 3.274276692940351], [-1.753658160647249, -0.16600877261502234]], [[0.828927356641479, -0.3729206291979956]], [[-3.415561467940909, -1.9574488065017586]], [[5.0, -1.746236312594781]], [[5.0, 5.0]], [[-5.0, -4.3870955724885485]], [[-1.3697614287365758, -3.5882389215335304]], [[-0.7027783925479849, -1.7040594932419624]], [[1.7459413375850767, 5.0]], [[-2.7033766901428335, -3.0401142520717768]], [[2.784422164362286, 1.3383869232328216]], [[-5.0, -0.5670541927609344]], [[0.7784365555673135, 2.766425836644892]], [[2.6245785041813194, 4.209570385641087]], [[-3.204025152836446, -5.0]], [[0.023987287919889282, 0.9842247126948293]], [[3.1425656817653187, -0.16983693768661443]], [[4.020796240851194, 0.8255848024346386]], [[5.0, 1.4524637973024457]], [[1.4798008444240565, 3.686312301000608]], [[1.1324610312020547, -1.1852780722257004]], [[0.8168307508128861, -0.8197944195164198]], [[-1.0996196184130136, -0.8322199797201628]], [[3.0477248585266317, 0.23408250183535687]], [[-0.15765662832689825, -5.0]], [[1.179032486515688, 2.194295859345011]], [[-1.859535773408687, 1.6337853500912995]]]"
2,"[-0.39367296618061653, -2.5314227796590694]",[56.14662375],[8.63662375],"[[-4.69307481  0.73890085]
 [ 0.33452766 -1.7938654 ]
 [-2.02863933  0.91114073]
 [ 1.4222097   3.83846211]
 [ 3.05118932  2.08809735]
 [-1.78886689 -1.92863215]]",1932472660.8677607,2,1.7690602752166276,5.456664637940026,[ 0.70421685 -0.06386419],47.51,"[[[-4.693074814335228, 0.7389008502280543], [0.3345276643914765, -1.7938653970976217], [-2.0286393300272687, 0.9111407341613065], [1.4222096963246589, 3.838462107967949], [3.0511893242997665, 2.088097345694612], [-1.7888668917790538, -1.9286321475692123]], [[4.576659972530852, 4.066552657714585]], [[-3.489315014381728, -0.939934250469555]], [[-0.38444695304651866, 3.11358878357959]], [[-4.15106231200661, 3.8666669293217675]], [[-3.2243823598295807, -3.5204788546522003]], [[1.4193364025559756, -5.0]], [[-5.0, 3.9051796368428855]], [[-0.9549474738129226, 0.5727440331361267]], [[5.0, -1.9516098768273749]], [[5.0, 1.0602285536805474]], [[1.6480013331885888, 3.6178468539802813]], [[-0.18709671716137097, -5.0]], [[2.219289400514642, 0.02904564998620087]], [[5.0, -5.0]], [[0.2643068744290393, -3.8388847275886917]], [[5.0, -3.3687018942624247]], [[-4.715935178720141, 5.0]], [[-1.1174623388072524, -1.062717782488655]], [[4.237217205194975, -2.5989040482801267]], [[-3.62124523913141, 4.97489348924065]], [[0.2849224155101494, 0.8726059606736951]], [[3.285099710193707, -3.8855102450616408]], [[-2.993762251666695, 2.476462514705446]], [[-0.39367296618061653, -2.5314227796590694]], [[0.07944889122238674, 1.08834722551088]], [[-5.0, 2.028767346573012]]]"
3,"[-2.952905083574854, 0.05479426285630469]",[69.05446896],[13.71446896],"[[ 0.30213161 -3.63808363]
 [ 1.13987668  2.14266693]
 [ 2.38005277 -1.66684624]
 [-4.33738179 -3.92341809]
 [-2.82532149  2.267307  ]
 [-0.30609214  1.05383457]]",1278124957.954505,3,1.307632710833159,5.220612983238873,[-0.67832142 -0.1996999 ],55.34,"[[[0.30213161358007756, -3.6380836323622523], [1.1398766758073524, 2.142666933402131], [2.3800527721378106, -1.6668462373287851], [-4.33738178869277, -3.923418091363046], [-2.825321488862087, 2.267306997697796], [-0.3060921359139499, 1.0538345652880352]], [[4.89616887020115, 3.579683108578326]], [[-2.9070815030359354, 3.578558177348925]], [[3.1730187516577986, 4.674234076807048]], [[-0.9819180074052124, 4.702529812508648]], [[1.8078243952058173, -3.689510504777163]], [[-0.6092008734355404, 3.208989333800816]], [[0.9461061445758888, -0.7059080713839248]], [[1.0170582784683246, -4.591063136769036]], [[1.0980085112279425, 0.652702431363999]], [[-4.135699732173862, 5.0]], [[-1.0390089524746793, 2.454903203140604]], [[4.420364863180583, -5.0]], [[0.47916292827800266, 5.0]], [[-5.0, 2.057795382411603]], [[5.0, -2.8198065130654464]], [[-5.0, 4.33469551398299]], [[-2.952905083574854, 0.05479426285630469]], [[-1.1683500938523073, -0.4704782835115621]], [[1.770776453943152, -0.4126309296549641]], [[4.5810931935091155, 1.992679198087135]], [[-0.7263213197532927, 0.7961496996835704]], [[-3.4855783533488185, 0.8049833610175925]], [[-0.38745895888724846, 1.0019337064696676]], [[-2.2155107795639877, 0.25477647498409633]], [[5.0, -0.3572097775409392]], [[0.6105196809159186, -1.790705367832447]]]"
4,"[-2.34344804112361, -1.9164212084898753]",[-79.48633961],[10.84366039],"[[ 4.93051247  2.68148557]
 [ 1.53619481  0.85551133]
 [ 1.11180321  3.94907919]
 [-0.84012282 -0.63085802]
 [ 2.94381975  0.24640719]
 [-1.99106478  0.93844358]]",728734038.8386139,4,1.251041601260964,5.77571496552695,[-0.43917136  0.55419177],-90.33,"[[[4.930512471656334, 2.6814855701181575], [1.5361948141336796, 0.8555113280303885], [1.111803207170655, 3.9490791860559273], [-0.840122820459853, -0.6308580248200482], [2.9438197468094014, 0.246407185736091], [-1.9910647755142552, 0.9384435845763051]], [[2.6856742953668302, 2.9249857290818415]], [[3.8213446742138704, 0.9811339609094505]], [[4.323735099975746, 0.24986207517859044]], [[-3.2489559988082672, 0.5103984090842424]], [[1.6602924240525012, 0.930220534028277]], [[-5.0, -5.0]], [[-5.0, 2.585357983928903]], [[5.0, -5.0]], [[-3.3821551446577165, 2.0668533955184243]], [[5.0, -2.2029287654613743]], [[0.28577680855107435, -2.2490480966002755]], [[1.0444428846279625, -1.2919695393844866]], [[-5.0, -2.4358610570019743]], [[-2.34344804112361, -1.9164212084898753]], [[-4.038743665165332, 4.901424634684604]], [[-2.527138669522826, -4.371331556001291]], [[-4.580310411097319, 3.092714682684459]], [[1.416288784219014, 0.7915805114422048]], [[0.8159928910284178, 4.295044691000101]], [[-5.0, -1.0266175801734825]], [[-5.0, 1.7543314313214968]], [[-1.6998489183023393, 1.6698037241703285]], [[5.0, -0.6302230796491135]], [[-3.4492052252718945, -3.267337572116269]], [[5.0, -3.057104803145787]], [[-5.0, -1.5567410882683663]]]"
5,"[-0.47401257399323043, -0.8419809160040103]",[65.63616411],[0.02616411],"[[-0.32042271  2.24946002]
 [-3.39404184 -2.16829459]
 [ 2.56312479  2.0126175 ]
 [ 3.64772316  1.95915544]
 [-1.62770267  0.656236  ]
 [-3.55657708  3.00115643]]",687067870.6812092,5,1.7436000800405964,4.780217969319678,[-0.40073477 -0.58259046],65.61,"[[[-0.32042270888536617, 2.249460015302126], [-3.3940418404310604, -2.168294591877624], [2.5631247884631847, 2.012617503284072], [3.647723157961604, 1.9591554448158774], [-1.6277026745669754, 0.6562359990545144], [-3.5565770774265304, 3.001156432570623]], [[-4.631337996344483, -4.447761875479709]], [[-0.38015890001471003, 2.181834217917588]], [[1.248600059665011, -1.189854748554063]], [[5.0, -5.0]], [[0.535243962262975, 0.6158618910351552]], [[5.0, -3.072500689593884]], [[2.0453797483751037, -3.5082205958095884]], [[0.0871577829635701, -5.0]], [[-1.1305430916926742, -5.0]], [[1.357288397840834, 5.0]], [[4.508052614773631, -3.3708805539520132]], [[3.811977290660832, -5.0]], [[-2.1528086370851494, -1.3193003384200241]], [[-0.47401257399323043, -0.8419809160040103]], [[-0.09019214292332815, 0.30218100876903525]], [[0.20911305185847961, -0.6688128601606973]], [[3.4929754052451156, -3.878775753447703]], [[-0.45764462703880104, -3.5398274054446492]], [[-2.6325535561797824, 5.0]], [[0.27478266403913454, 5.0]], [[1.10882202765169, -5.0]], [[0.21761840445305625, 4.73729468016211]], [[2.5670148393230603, -1.735971541253365]], [[-2.8170830328270444, 2.9752045155402183]], [[3.550873718123819, -3.9757794125432833]], [[-2.224662407287057, -1.3933011777304651]]]"
6,"[-4.604440063604672, 0.45445983580842214]",[-288.36653089],[1.71346911],"[[ 4.20363377  1.57825845]
 [ 3.90821797 -3.81647308]
 [-0.10447423 -3.15429968]
 [-0.45691062  2.87252952]
 [-0.09910772 -1.13237298]
 [-0.15818854  1.49486539]]",829138210.6562103,6,1.2401129973394804,6.147500505163127,[-0.61821562  0.3432338 ],-290.08,"[[[4.203633765098543, 1.5782584487669897], [3.9082179724638717, -3.8164730831086446], [-0.10447423185718563, -3.1542996761117434], [-0.45691062206546373, 2.8725295164018414], [-0.09910772417922242, -1.1323729761517223], [-0.15818854323805276, 1.4948653944947745]], [[0.8518711246952504, -1.362304552987781]], [[-0.36401372278236527, -1.132545349438577]], [[4.872709257504529, -3.0438501655686743]], [[-2.1329375673198774, 1.70616980366083]], [[-3.4538780224136865, -3.2060188926268687]], [[-1.4136183660426485, -2.5319961617162487]], [[-3.081493679986168, -5.0]], [[-4.246932450027606, 0.047195915522118145]], [[5.0, -0.29088038095507496]], [[1.912567360240988, 0.40251233175158957]], [[-1.7589536113538917, 0.4096071816565168]], [[5.0, 5.0]], [[-5.0, 5.0]], [[-5.0, -4.509452323944963]], [[5.0, 3.1124068160797274]], [[-3.4641990150639033, -3.9262419919737996]], [[-2.4207919984804556, -3.2798030030485927]], [[-1.125721343695804, -0.17497964284587522]], [[1.648598511952117, -0.7890613277687673]], [[3.340635918831649, -1.6872285669498024]], [[5.0, 3.9194976092802567]], [[3.561257769159554, -2.1565222326953446]], [[-5.0, 0.2811703127966505]], [[-0.8526061848702944, -2.2439632048228333]], [[-4.604440063604672, 0.45445983580842214]], [[2.7642069986901983, 3.0100856306243253]]]"
7,"[0.1243168881513515, 0.04605076440826882]",[27.34811344],[2.24811344],"[[-0.96017593 -0.98613189]
 [ 4.5830758   3.9427258 ]
 [-2.20839519  3.18742013]
 [ 1.70437187  2.6716461 ]
 [ 0.17073072  4.19773334]
 [-4.16112116  2.475323  ]]",1062055307.310981,7,1.2040954841689346,6.468511737229138,[-0.68234872  0.18547298],25.1,"[[[-0.9601759312522873, -0.9861318902502063], [4.583075797036052, 3.942725803199046], [-2.208395190882695, 3.1874201320469204], [1.7043718746616108, 2.6716461035322636], [0.17073072369622722, 4.197733342609176], [-4.1611211571219595, 2.475323002129742]], [[-3.510717130359524, -0.9799723496328063]], [[4.804857665771454, 3.374516234289885]], [[1.782596484645532, 2.587481678797642]], [[-2.355636271126765, -2.1565396780914514]], [[2.9319421120151556, -2.3387692001782927]], [[-5.0, -4.394652343123713]], [[-0.7978187365748215, -5.0]], [[-2.2873495871496727, -1.3488511051595753]], [[2.5948704107882157, -0.23721730532495414]], [[-5.0, -2.6461010248031105]], [[0.1243168881513515, 0.04605076440826882]], [[5.0, -5.0]], [[-2.8669750108928747, -5.0]], [[-1.6302428504416435, 0.5269911291976495]], [[-0.13995412450398345, 0.8163775253264255]], [[-1.9839994057054835, -4.106706803313898]], [[0.72775416151905, -1.706201019861877]], [[3.5021714272303828, 0.34884664033004703]], [[-1.5228248186916342, 0.007016958651194288]], [[3.489322648084819, -0.8038846587197979]], [[3.8626972733042546, 1.1297128273056423]], [[-4.872583227479814, 5.0]], [[-3.8726351084392916, 0.23836660890330857]], [[-0.6268857495612157, -3.0255048713347974]], [[2.560222585175654, 4.0032649833232075]], [[-3.8113141917597537, 3.7339351658831053]]]"
8,"[-1.7104302595407161, 5.0]",[-85.66119815],[1.89880185],"[[-1.64600064 -1.33603092]
 [ 0.29008312  0.69345627]
 [-4.8885268   1.39505928]
 [-3.61585297 -4.73575998]
 [ 3.78125276 -0.12267557]
 [ 2.23373801 -3.1109198 ]]",1672650011.5963335,8,0.21796430232217523,6.5716990012865875,[0.07234558 0.70339613],-87.56,"[[[-1.6460006370041746, -1.3360309202379614], [0.29008312277971626, 0.6934562730178095], [-4.888526802718055, 1.3950592750560862], [-3.6158529676722106, -4.735759981793328], [3.781252759546165, -0.12267557148794417], [2.233738014953124, -3.1109197999510965]], [[-2.315661055377748, 0.22005730799002074]], [[-5.0, -2.271520218362756]], [[-3.147373935118334, 1.968364503147181]], [[-4.96343480775475, 4.9171459891390485]], [[-2.8903031680394804, -3.480919339675171]], [[1.8859663308093562, 4.27257427819916]], [[-3.586438621699913, -0.7354691453440602]], [[3.4478361623971674, -1.668791237243188]], [[5.0, 1.7970187859576567]], [[-0.25026436305996136, -0.681280015579782]], [[1.1807371554491282, -2.383978016493879]], [[-2.2046643613449413, 1.0968805496961693]], [[-5.0, 2.991688697264944]], [[-0.5681052934921555, 0.386376555434352]], [[2.1376514333762193, -5.0]], [[-1.0702766628126137, 5.0]], [[5.0, -5.0]], [[-1.8062715586111033, -1.9495394345784653]], [[-2.5465119451407445, 5.0]], [[-3.6381605888034496, 4.082793241246388]], [[4.335598345836364, -3.312390009966259]], [[-1.7104302595407161, 5.0]], [[-0.9182276261232722, 4.3380060734355865]], [[0.4186831090751788, -4.3580612940892784]], [[4.808020090414081, -3.9777970274743515]], [[2.6055590243846076, 2.495370183466976]]]"
9,"[0.7844002991711077, 0.4513430693701913]",[62.67800363],[2.60800363],"[[-2.77556789 -0.61921798]
 [-4.49247998 -0.42461556]
 [ 0.52045941 -1.04990629]
 [ 0.03750808 -3.51764294]
 [ 3.308823   -2.5114789 ]
 [ 1.4063185   4.22498502]]",1019178916.1179141,9,1.398873469473202,4.953037204378963,[-0.64858395 -0.28167155],60.07,"[[[-2.775567887651725, -0.6192179842707404], [-4.492479976601511, -0.42461556229256914], [0.5204594111765113, -1.0499062912550041], [0.037508083566498485, -3.5176429363269577], [3.3088229956844515, -2.511478903359837], [1.406318502296382, 4.22498501974194]], [[-4.873878368516069, 0.30242226915129855]], [[5.0, 1.5505134665980915]], [[5.0, -5.0]], [[5.0, 0.14277296917309784]], [[-5.0, 0.6627894331533921]], [[-5.0, -0.9041584906992479]], [[5.0, -0.8337415421901965]], [[5.0, 2.9829746053291717]], [[-2.3834242685818854, -0.16449349936636964]], [[-5.0, 5.0]], [[5.0, -1.9125174325668266]], [[5.0, 5.0]], [[-5.0, 3.951547563445578]], [[-1.623180772527782, 3.2826397343945475]], [[-3.0741180338890732, 4.627102029641823]], [[1.2035215586926253, 1.3322822264972243]], [[-2.141957046287112, 3.8119060805169807]], [[0.37106596467372954, -0.3072544540284142]], [[-0.28133979896064715, 2.6390943318522018]], [[1.6988182993459293, 0.0713438798539487]], [[0.7844002991711077, 0.4513430693701913]], [[-5.0, -5.0]], [[-1.6705482546970871, 3.370298132507463]], [[-1.0413628838002797, -0.6896284063996752]], [[-3.4888337485906322, 1.5391298440062637]], [[-4.088853184255041, 5.0]]]"
10,"[0.11054755732519363, 3.180108918870426]",[-135.68964505],[0.94035495],"[[-3.2572267  -0.23036845]
 [-1.51057051  2.22433397]
 [ 0.31135363  1.96621813]
 [ 4.90716407  1.33371289]
 [ 1.00135199  0.67529417]
 [ 1.08741562 -0.20840867]]",1196590526.941505,10,1.2239012144640695,5.172315222117016,[-0.22254229  0.67117429],-136.63,"[[[-3.2572266986844403, -0.23036844962431502], [-1.510570513392857, 2.2243339692411404], [0.3113536318990553, 1.9662181311275457], [4.90716407472047, 1.3337128911740983], [1.0013519928989147, 0.6752941716664509], [1.0874156221026325, -0.2084086713823199]], [[-2.8238874189760512, -2.5091100923965426]], [[1.0058125141730296, -0.0981719792970664]], [[-0.4653260919952883, -3.8830909628851598]], [[-0.03440108682429926, 4.619600683829322]], [[-3.7202655508522335, -5.0]], [[1.8308663301948642, 3.919179801062917]], [[4.096450548835163, -4.5127219490354875]], [[-4.056773448812617, 5.0]], [[5.0, 5.0]], [[1.2954795655701226, 5.0]], [[-1.6316201720736137, -5.0]], [[-5.0, -2.9043534553887267]], [[-1.1179675666497662, -2.5160132067390943]], [[5.0, 3.3025687580897016]], [[0.11054755732519363, 3.180108918870426]], [[-1.973056181844204, -3.740052539806503]], [[-0.5443753026827006, 1.058432814833208]], [[2.010281450861351, 1.632588194730519]], [[0.2157290316203655, -0.18310914961277458]], [[4.253596797298126, 2.4909803064621436]], [[4.8873474328655355, 2.722372094967053]], [[-0.1583544043841262, -1.403586784463487]], [[4.336289819292501, 4.026192397825732]], [[4.801321078709108, 3.0403136125373433]], [[2.1240363162931297, 1.809582423275511]], [[-1.2290313350624007, 4.829950414885058]]]"
11,"[-3.1940587131667573, 0.07185735802125001]",[171.41582136],[7.48582136],"[[-4.48639366  0.53133549]
 [-0.16721657 -1.88379958]
 [ 0.34298911 -0.10568583]
 [-0.00451976 -3.86506356]
 [-4.1425476   2.36002497]
 [ 1.85282045  1.9309371 ]]",1681853265.7834651,11,0.7137961498068897,5.118678385935342,[-0.04354737 -0.70576457],163.93,"[[[-4.486393657241692, 0.5313354876168033], [-0.16721657460003403, -1.883799582380247], [0.3429891110804082, -0.10568583260298947], [-0.0045197575885218555, -3.8650635594850247], [-4.142547604875136, 2.360024974792559], [1.8528204488385196, 1.9309371024011002]], [[-0.10697208672228231, 0.3029055104631245]], [[1.5917500065741246, 1.9687606852301502]], [[3.908904549165507, 0.09175147725556008]], [[-0.8047406768820649, -0.8098847290207956]], [[3.0309005754340284, 3.528736346365969]], [[-5.0, -0.7358946369914537]], [[-5.0, -5.0]], [[5.0, -5.0]], [[-2.1445483784603248, -5.0]], [[5.0, 2.501652040210315]], [[0.8897381180968851, 5.0]], [[5.0, 5.0]], [[3.108629232340106, 5.0]], [[-3.1940587131667573, 0.07185735802125001]], [[-1.5169164202664185, -3.767793616540611]], [[-4.236933085304657, -0.39774873717839476]], [[2.557844528662935, -4.793385655785304]], [[0.7658620691455141, 4.629987556592664]], [[2.099298670997002, -4.38547767172188]], [[0.3530060220564708, 4.611858367869115]], [[-0.7858275524596063, -1.3097660236801278]], [[1.9891424479686541, 5.0]], [[-3.2986939100583226, -5.0]], [[-1.400983582551628, -0.8264318890473814]], [[-3.4354042996876326, -3.4818379416716305]], [[2.9587795494510565, 1.1618881375731303]]]"
12,"[-0.4569786498013679, 0.688655068304836]",[-47.71441693],[2.30558307],"[[ 3.50208045  2.76968929]
 [-0.82456831  1.08844569]
 [ 3.92928024  4.74905043]
 [ 0.03433189  4.18629311]
 [-0.22320631  4.8743204 ]
 [ 4.2383331  -4.46944627]]",739466125.4883721,12,0.6649654908884333,6.853260653520427,[-0.3716897  0.601537 ],-50.02,"[[[3.5020804516473163, 2.769689289240259], [-0.8245683078576116, 1.0884456924596897], [3.92928024433081, 4.74905043004166], [0.03433188921317587, 4.186293114418284], [-0.22320630527812835, 4.874320404306298], [4.2383331007782985, -4.469446269372771]], [[5.0, -0.7383079036456442]], [[5.0, 1.7519433403578848]], [[5.0, 3.4236200755310016]], [[-3.865510774278666, 5.0]], [[-1.7958107813407187, -4.524144606027191]], [[-0.1779784720826525, -1.617245324482247]], [[-1.236852555599225, -1.6482385506451396]], [[-0.22288612007087671, 0.3545616903118205]], [[-5.0, -5.0]], [[-0.6916841501673665, -5.0]], [[2.7251821377771996, 3.975386210865293]], [[-0.5229416819876296, 3.311817127505543]], [[3.577109271401551, 3.749159771462406]], [[1.8319839126969035, 0.29042734894181005]], [[2.517791770947824, 1.8330966798183796]], [[0.9925532125001503, -5.0]], [[-0.4569786498013679, 0.688655068304836]], [[3.0583139725802173, 1.832325257855353]], [[1.296779661479583, 2.960174227281951]], [[-2.308789588383008, -3.195128757960164]], [[1.7393126436927204, -1.0236475261149791]], [[3.3246343570796135, 3.287047422019711]], [[1.5333084850315306, -3.7809514506713833]], [[0.5068768045941336, -2.472573962650643]], [[5.0, 2.3131328883495645]], [[2.0958699266526386, -0.2674540918477345]]]"
13,"[0.7857004556230541, -2.6030904731594613]",[589.60407683],[0.74407683],"[[-3.74674288  1.50541818]
 [ 2.04282358 -1.3906953 ]
 [-1.20583853  4.88396663]
 [ 1.70440967 -4.48550119]
 [ 3.0113178   1.26705405]
 [-0.3835403   1.91700755]]",657060568.7178599,13,1.823745886067136,5.693460083652931,[ 0.41172237 -0.57487798],588.86,"[[[-3.7467428828844316, 1.5054181763246834], [2.0428235790765346, -1.3906952952515725], [-1.205838530403235, 4.883966628266595], [1.7044096677742546, -4.485501193757905], [3.0113177959590267, 1.2670540536831654], [-0.3835403011409868, 1.9170075484805924]], [[0.3692804436017227, 2.156271513088826]], [[5.0, 1.2311936719457437]], [[1.037833527547725, 1.0336882561477228]], [[-0.49425942230140896, -5.0]], [[0.6231402973142615, -5.0]], [[-1.9527625164731022, -3.523880218175142]], [[-5.0, 1.3649504013471445]], [[3.6950760212321323, -4.9038340930160915]], [[-4.206375400507407, -3.298475158492487]], [[-1.6438135588997624, 2.2572383216186904]], [[-0.1074962953756792, -0.7436438829268034]], [[0.8034902875050183, -1.0608953270061277]], [[0.7857004556230541, -2.6030904731594613]], [[-4.961194164066232, -0.7550970072667527]], [[-2.712919224308361, -1.9976922376306037]], [[-2.019274282697842, -0.9469027350695407]], [[0.7631159932546244, -2.686934344828157]], [[-1.0990812921527415, 0.5051011022157227]], [[-0.5831551692809249, 4.24705188506768]], [[3.3296261945959778, 4.029413097475121]], [[-1.2295838972414819, 0.38625241880011263]], [[0.39032274009962453, -4.801129262871074]], [[-4.030866605449926, -3.6127770473727425]], [[-1.3215974131512873, 0.2132826200288353]], [[1.9291543274521477, 3.4329448183401237]], [[-3.4687466741799398, 2.19332549059342]]]"
14,"[-3.380259552971115, -0.8131803223664239]",[-24.20213862],[8.73786138],"[[ 3.00358186 -0.0574469 ]
 [-3.73785423 -2.58224383]
 [ 2.63220234 -3.91407945]
 [-4.8542907   1.06426285]
 [ 1.20826821  2.53887473]
 [ 4.44067817 -0.64182202]]",1180414409.485053,14,2.3420279835781748,5.398136239412725,[-0.21008522  0.67517716],-32.94,"[[[3.0035818551827678, -0.05744690329317059], [-3.7378542332251765, -2.582243833550474], [2.6322023410904176, -3.9140794521618885], [-4.854290697796233, 1.0642628546662314], [1.2082682060705032, 2.5388747301227186], [4.440678169030729, -0.6418220158439611]], [[1.0787647160964262, 0.25907652181540985]], [[3.403309864112204, 0.498008872185264]], [[2.010802643373241, -0.4228226940938109]], [[3.270512833566459, -3.781327232272572]], [[3.500884044742784, -3.7256872799542005]], [[-0.09101406459157578, -0.08445778607538175]], [[0.7989218249486897, -0.07762822081381875]], [[-1.6560428133766076, 0.6459107787395898]], [[-5.0, 5.0]], [[-5.0, 3.7013499294822467]], [[5.0, 5.0]], [[-2.014486695331505, 4.177829209209023]], [[-2.6805345698027545, -4.988377589530344]], [[-3.380259552971115, -0.8131803223664239]], [[2.5312367315985114, -3.1072937721546166]], [[-3.730887782485295, 3.0131615479162246]], [[-0.9790720839315508, 2.4058550183012284]], [[-3.599473553556008, -2.5705773417267976]], [[5.0, -5.0]], [[5.0, -2.2074334441727226]], [[-1.029900989432473, -1.5587730766064465]], [[0.3283411013522556, 1.4691032868100362]], [[1.3284336248473396, 1.2048840086704569]], [[2.357785780438892, 0.941905293634826]], [[-3.3882514611979127, 3.9303700944669284]], [[-4.435755100478975, 4.515933774804533]]]"
15,"[0.05407715693735836, 0.6146917035967204]",[-109.37712318],[2.24287682],"[[ 2.12172193  2.04774033]
 [-4.49590934  3.21209023]
 [-1.38628556 -1.95183779]
 [ 0.05406811  4.79364222]
 [ 0.94823851 -3.05534245]
 [-4.20702806 -3.9447948 ]]",848552813.0280671,15,1.6990214637018926,5.680078616713039,[-0.31516007 -0.63298826],-111.62,"[[[2.1217219259041684, 2.0477403302196358], [-4.495909341474328, 3.2120902333756653], [-1.3862855630806372, -1.9518377944827647], [0.05406811287755442, 4.793642224534004], [0.9482385124077508, -3.0553424496340833], [-4.207028059365825, -3.9447947994244226]], [[0.7231128136851561, -3.0975600953840914]], [[-1.1275347955705168, 1.5803624805994785]], [[-2.5114716570946216, -1.4747440591975467]], [[-0.27896200130036125, 4.3010976259927745]], [[1.9996249560382844, 0.9939714683948161]], [[2.8570375649434148, 0.39854810254357476]], [[-4.612066965561539, -0.23994392858847213]], [[-2.6825626569753696, 2.497688382137528]], [[-2.086280401461649, 0.6524737773720221]], [[-3.6331424807123045, 1.282621187726678]], [[1.8270246149331157, -5.0]], [[3.260296738443316, 1.7895140953558404]], [[0.5941669145783036, 3.7624734202456755]], [[-0.06083764060964121, -2.3916085762308787]], [[5.0, -5.0]], [[-0.5616011313609445, -5.0]], [[4.049048457869321, -5.0]], [[1.5833907643591054, 1.9370943794235487]], [[5.0, -3.1828297860742256]], [[3.233058247083623, -2.3626940462454042]], [[0.05407715693735836, 0.6146917035967204]], [[4.410305577117319, -3.947152304513877]], [[-5.0, 5.0]], [[-3.216575446444473, 0.42007494483829216]], [[4.889142002755194, 4.698625769322677]], [[4.908578004705955, 0.8794789431248953]]]"
16,"[-1.1846034758578765, 0.07587902386272224]",[268.1687505],[0.0487505],"[[ 4.65908427  4.32913138]
 [ 2.02018596  3.18454799]
 [-0.23319173 -4.43764097]
 [ 0.46445784  4.86676857]
 [ 4.44913909  1.476182  ]
 [-4.54052005 -2.92010159]]",1474187725.4397848,16,4.068317208519796,6.788009199028697,[-0.69077689  0.15108704],268.12,"[[[4.659084269876455, 4.329131377103213], [2.0201859635245984, 3.184547988626033], [-0.23319172808900568, -4.437640965153769], [0.46445783641877725, 4.866768566510251], [4.449139091190981, 1.476182004480986], [-4.540520050600552, -2.9201015924998472]], [[-4.490278588631829, -2.6366376562727534]], [[3.5604836934735897, 0.06608345699034632]], [[4.499201865106975, -4.957234471973599]], [[-0.1759775303480955, -0.9669554335530908]], [[2.6592841778986145, 1.1793519393348302]], [[-1.8885067799830095, -3.3199284486732776]], [[-5.0, 1.3391163145509664]], [[-1.8866897279633232, -5.0]], [[0.24799905700675481, -2.093369863624946]], [[-5.0, -5.0]], [[-0.7868504353069603, -2.28351581151623]], [[5.0, 0.3685405208521338]], [[-5.0, -0.9895113629223342]], [[-2.5812360254967768, 0.05926990682656491]], [[-0.47708363921532326, 1.244901334810656]], [[-1.3243072876640711, -3.8745048938029716]], [[-3.904747834515033, -0.7192675910759566]], [[-1.1846034758578765, 0.07587902386272224]], [[-1.731053743765416, -0.7507597789058309]], [[1.4333281284227548, -0.709333356585219]], [[-0.6395694152242675, -0.28272298239567967]], [[-2.9040026064834485, -0.5385546546893867]], [[-3.084002712825027, -1.0825375442588578]], [[-4.73206240656994, 4.70766190875567]], [[-1.3769340483887715, -0.39515755317835044]], [[4.675924820427554, -2.228013608474819]]]"
17,"[1.6970363931437813, 0.6141903352581206]",[-178.67092063],[0.43907937],"[[ 1.69703639  0.61419034]
 [ 3.11497208 -2.21309825]
 [ 3.65631749 -0.66843842]
 [-4.62462778 -1.72401399]
 [-2.47461899  2.26833838]
 [ 1.45204369  1.0090217 ]]",706207036.0123396,17,1.0614827022407674,5.6270236492985255,[0.59076687 0.38858012],-179.11,"[[[1.6970363931437813, 0.6141903352581206], [3.1149720778212657, -2.2130982491504914], [3.656317493690109, -0.6684384226661146], [-4.624627776871325, -1.7240139878212934], [-2.474618993199611, 2.2683383816633302], [1.452043692753998, 1.0090217009375637]], [[-1.1673128633214087, 0.37206600320918154]], [[-0.5657265170719503, -5.0]], [[5.0, -2.911321312355359]], [[-5.0, 0.9501166926960352]], [[5.0, 5.0]], [[5.0, -2.1304633121163916]], [[0.2808455115188548, -0.9276560693672367]], [[0.7921744328150097, -2.8562045457380782]], [[0.18754285559194236, 1.0025479478614374]], [[-1.1318226682899324, -3.1358840972853286]], [[-1.1147195102711116, 3.0317406674509666]], [[1.3495014200101993, 0.2187704865824598]], [[-0.26642932707157563, -2.8577032420093342]], [[-1.387119752701152, 0.4039373842117529]], [[5.0, -2.6253541280335857]], [[-1.3007124566777448, -3.403673299099051]], [[5.0, -2.7659107669150282]], [[4.865190040104198, -1.2789177267166292]], [[5.0, 3.763655530693895]], [[1.3079092421207048, 1.6395704545764864]], [[5.0, -4.102148659932419]], [[-5.0, -0.28742817577977947]], [[5.0, 2.5815168734132676]], [[5.0, 1.9815797933703405]], [[-5.0, 1.8510986093102815]], [[-5.0, -4.106883972539777]]]"
18,"[0.2165761113746891, 0.12162587756868065]",[269.31220307],[1.53220307],"[[-4.05964988  2.33226989]
 [-0.82246207  1.03870934]
 [ 0.78169807  4.74745843]
 [ 1.15683486 -1.82212409]
 [-2.55338864 -1.72048646]
 [-0.7934539  -0.59030347]]",1304416402.9258935,18,0.8493092738155609,4.335206715385378,[-0.04107045  0.70591304],267.78,"[[[-4.059649879282835, 2.3322698893252003], [-0.8224620665450102, 1.0387093402672036], [0.781698071677706, 4.747458433770396], [1.156834863726993, -1.8221240896628323], [-2.553388636420083, -1.7204864641003024], [-0.7934539037501311, -0.5903034653026298]], [[0.7413803747116934, -2.085051711492916]], [[5.0, -5.0]], [[-5.0, 1.0372741098311058]], [[-3.9076513706476956, -5.0]], [[5.0, -3.416092937326829]], [[5.0, 2.3164972156473738]], [[-3.602038893874633, -0.09775151848395672]], [[-2.759815186861808, 1.2378415490728982]], [[-5.0, 5.0]], [[-1.7194150139722744, 2.8594390599062662]], [[-1.5612161727681582, 1.9985466237945322]], [[0.14971116579243243, -1.2906940200114405]], [[-2.68140943355839, 5.0]], [[-5.0, -0.8690208790927149]], [[2.3198385959340575, -5.0]], [[0.6668307971035611, 0.5912583684813467]], [[-2.1297545914435396, -0.7096053490063736]], [[3.310478126683615, -4.046288737934283]], [[1.1628347958808147, -0.46975193070664484]], [[0.2165761113746891, 0.12162587756868065]], [[3.1294925773191307, -2.2311373511634214]], [[-1.0822292507000422, -1.235970290181153]], [[-2.0640677798058764, 5.0]], [[-4.394073005625354, 0.6775711196681319]], [[-2.37758990252486, 1.0419578641621488]], [[4.603127813446777, 1.9525462308651962]]]"
19,"[-0.252569749042886, -1.4648810945539328]",[-14.22782376],[16.84217624],"[[ 0.9824624   4.30492507]
 [ 3.66744952  1.61025535]
 [-0.40905678  4.64002932]
 [-1.50341149  1.27587306]
 [ 0.5150239  -0.0555665 ]
 [ 3.71423418 -2.29264975]]",1560360991.4489903,19,0.8593235905850725,5.35780693906625,[-0.04709316 -0.70553684],-31.07,"[[[0.9824623979301395, 4.3049250694691725], [3.667449520887965, 1.6102553515743798], [-0.40905678357825437, 4.640029315398511], [-1.5034114869283357, 1.2758730583055167], [0.5150238979813624, -0.05556650009663677], [3.7142341818266456, -2.292649752428011]], [[4.636507165737033, -3.5539380179818902]], [[-0.02202440863535582, -1.5251346683677367]], [[2.8144007254083574, 1.3434601320050914]], [[-4.423176656946084, -1.5561545255723352]], [[-0.27871550038494775, -2.0499101864698313]], [[-0.252569749042886, -1.4648810945539328]], [[0.00012199583720764925, 3.83452797427357]], [[1.887607743124787, 0.7687589758457337]], [[-3.3971534895551754, -0.43612321976043816]], [[-4.062762895164497, 2.140693219101959]], [[-4.886249266353038, 3.282823429981157]], [[-5.0, -5.0]], [[-4.5157043971526765, -3.541283702117402]], [[-5.0, 0.5816929173411303]], [[1.190508173081169, 2.7137643543248378]], [[5.0, 5.0]], [[-2.1841901082534023, -5.0]], [[-2.2635473627803826, -3.625825685404581]], [[3.7691625566787055, 3.59114593119482]], [[5.0, -0.13169116056506927]], [[-1.4529132511573504, -2.6231045907141097]], [[3.3216679334567427, -4.877304615172901]], [[-1.1391422253780057, -3.543787576812849]], [[4.7013206576696795, 1.487833637409155]], [[5.0, -3.3710529123642923]], [[-2.780065941358157, -0.8537694253630317]]]"
20,"[-1.3521740056726008, -2.971090488290153]",[276.78596914],[3.98596914],"[[ 4.28872624  2.25198782]
 [-4.87366371 -2.71378512]
 [-3.41624859  4.25870438]
 [ 0.46173303 -2.19518584]
 [-2.8114353   0.03891588]
 [ 3.88520197  4.27095044]]",1567195282.6437128,20,1.5716318647084264,6.3387968355058755,[-0.04046033 -0.70594827],272.8,"[[[4.288726238216018, 2.2519878162024582], [-4.873663714468367, -2.7137851164586078], [-3.4162485904285376, 4.258704383711878], [0.46173302501023983, -2.195185844862977], [-2.811435300471695, 0.03891588046504246], [3.885201972205774, 4.270950441812136]], [[-2.054719662125515, 0.6659052512661905]], [[-0.5914673038801608, 1.0741538105631463]], [[1.579493378932809, 1.6065258783415324]], [[1.1459762683214514, -0.5872737226015143]], [[-1.7541694504634564, 2.1314892705239856]], [[4.030479279373912, 4.383831226947279]], [[5.0, -5.0]], [[-1.768263430147985, -1.7117908307522243]], [[5.0, -1.341435781431558]], [[-5.0, -4.680427693291754]], [[-5.0, -3.751640299719448]], [[-5.0, 0.7045191547663421]], [[-5.0, -0.7726539332109355]], [[-1.80606469414655, 0.48578318955280597]], [[1.6556896811924469, 5.0]], [[3.4394900485953483, 5.0]], [[2.379590524359994, 0.8219458024298802]], [[-1.8229217466000023, 1.1818704377075449]], [[-2.094151956593174, -5.0]], [[-1.3297688023780783, 4.635315260173574]], [[0.6486085790369597, 2.999344819568186]], [[-4.103885118868949, -0.2841833934165243]], [[-0.47769081050884793, -2.031037980989867]], [[-2.757671371546333, -3.8844575491580375]], [[-1.3521740056726008, -2.971090488290153]], [[-0.7518136367102084, 3.690729394743963]]]"
21,"[-1.4390500527090107, -1.364463522728591]",[24.43517417],[4.99517417],"[[-1.83721427  0.06971753]
 [ 2.02512947 -3.29822845]
 [-1.14514754  3.45801251]
 [-2.61534647 -4.39962965]
 [-3.66644965 -2.12602706]
 [-3.8344177   3.00435482]]",879784009.3581575,21,2.4811284963854323,5.5737564522401675,[ 0.60549823 -0.36520117],19.44,"[[[-1.837214268867494, 0.06971752970909861], [2.025129473216401, -3.298228445009914], [-1.145147541581435, 3.458012509095491], [-2.615346473262423, -4.399629648510206], [-3.666449652863004, -2.126027058428155], [-3.83441769551525, 3.0043548194980954]], [[-2.0180779275032057, -2.8758154875626296]], [[3.6064632549314695, 1.6803270622625313]], [[1.9048148786063048, 3.966725703574439]], [[-1.02069406255519, -3.1620561761573747]], [[1.7041808044541884, -0.3918641731278259]], [[5.0, -5.0]], [[-4.591210195880133, -3.8624775845794046]], [[1.1825315010048099, -5.0]], [[0.1685243457099516, 2.1876370223235098]], [[-2.8083404749239977, 1.2833282505364476]], [[1.426651998797239, -2.024933866101808]], [[-0.7252619013763901, 0.6908743402250344]], [[-0.2886005978289848, -5.0]], [[-0.2970785717969229, 5.0]], [[-1.2970024471813077, -5.0]], [[5.0, 5.0]], [[3.6644846927607952, -5.0]], [[2.8620140670978356, -1.6171827718200715]], [[-5.0, 5.0]], [[4.175998055901228, -5.0]], [[2.443022685529305, -5.0]], [[-2.635989527956159, 5.0]], [[0.08326116904312843, -0.41762387583379007]], [[-1.4390500527090107, -1.364463522728591]], [[-3.536524312714895, 5.0]], [[2.428679208340969, 0.02804336779640854]]]"
22,"[5.0, 1.4830679297041562]",[-456.5479073],[1.7920927],"[[ 4.55630245 -2.27115504]
 [ 3.73114406 -2.53022847]
 [ 3.40605448  3.31078965]
 [-1.89085247  1.7111909 ]
 [-1.36785411 -3.09289357]
 [ 2.14842276  4.51976017]]",586252780.688807,22,2.7260762737927515,4.864856890794263,[0.53333687 0.46427555],-458.34,"[[[4.556302445332685, -2.271155041464402], [3.7311440599380905, -2.530228468355694], [3.406054476649823, 3.310789646717252], [-1.8908524749431566, 1.7111908985436086], [-1.3678541131931352, -3.092893566563056], [2.1484227580445614, 4.5197601742111875]], [[5.0, 2.403234234313469]], [[2.349276755291854, 0.22446521637226094]], [[-4.959040369599275, 0.677795386386072]], [[5.0, -5.0]], [[4.909804566418117, -1.953374844198965]], [[-3.93449122744805, -0.7567173876215161]], [[5.0, -0.5626854206161706]], [[-5.0, -1.2760697013486195]], [[-5.0, 2.423745257470193]], [[5.0, 1.4830679297041562]], [[-5.0, -0.060153314634225845]], [[5.0, 0.5912702193286683]], [[5.0, 1.8359223618964915]], [[0.6534181974808929, -1.6320255197175049]], [[-0.41655291321734683, -2.7143386195635175]], [[-5.0, -1.951498953815556]], [[-0.15728188868678578, 2.6099686990305107]], [[-3.060672016736566, 1.553547532400069]], [[2.481679976291577, -1.654110511051675]], [[-0.27580785230101024, -0.8499762354443594]], [[3.3794427773032414, 4.953592302100326]], [[-4.863135996873867, -1.9230555209289233]], [[-3.712144745648006, -2.034425122444624]], [[5.0, 1.2214266159726115]], [[5.0, -3.9307074994888636]], [[-5.0, -4.571294044798384]]]"
23,"[-0.9715332255918998, 0.9237079249403938]",[232.47116808],[13.66116808],"[[-1.97329057  0.55673979]
 [ 1.24962773 -3.70943986]
 [-3.82567319  4.58258144]
 [ 4.49400618 -4.40296548]
 [ 4.06290831  3.39953842]
 [-3.52567238 -1.49952504]]",1526246826.729497,23,2.746114530610119,6.478423924983397,[ 0.70550407 -0.04758153],218.81,"[[[-1.973290572859593, 0.5567397925175133], [1.2496277310242725, -3.709439860614927], [-3.8256731934042856, 4.582581444145768], [4.494006181143355, -4.402965478415747], [4.0629083077637524, 3.399538418560221], [-3.5256723805986088, -1.4995250369814772]], [[-3.6348239870517096, -3.714306027888663]], [[-4.088468009660397, -2.7386361560590853]], [[0.011761064164548252, 4.445732131178421]], [[-2.3293246972328436, -0.7231084719202174]], [[1.442616074706371, 3.5634938327631396]], [[-0.047835540614935744, 0.9148297584781705]], [[-0.62650975339636, -5.0]], [[5.0, 5.0]], [[-5.0, -5.0]], [[-0.5137147036741783, 2.051010304603581]], [[3.4213691114768814, 5.0]], [[1.9892829814026927, 1.9732840491167176]], [[0.5838721089963643, 1.9064760370086309]], [[-0.9715332255918998, 0.9237079249403938]], [[3.0990762879499694, 3.7630326073232605]], [[0.6624877213840756, -0.46678626484932473]], [[2.1823224331783155, 1.4124487750694055]], [[-2.9295902541526417, -1.1599655413520866]], [[-0.4190823310689743, -2.6615341034590063]], [[5.0, -0.14960986965089523]], [[-5.0, 0.1150544108382069]], [[5.0, 1.6515971860320215]], [[1.159295495947401, 5.0]], [[1.8632149597219059, -1.6624034251165363]], [[-5.0, 1.8252689209353663]], [[0.06633532317502741, 3.1344735043276173]]]"
24,"[1.1068018595409095, 1.0119415597018917]",[-128.31686448],[32.99313552],"[[-3.09158735 -3.87694536]
 [ 1.07955457  2.22078734]
 [-2.80630109 -0.6862101 ]
 [-4.80331822  4.00314551]
 [ 4.98108683  0.19417622]
 [ 1.95388301  4.15853648]]",1813189881.9557438,24,2.212586312459376,5.718715961730694,[-0.70699312  0.01267775],-161.31,"[[[-3.0915873482493605, -3.876945362604818], [1.0795545662423498, 2.2207873385093304], [-2.8063010913203357, -0.6862101045544842], [-4.8033182204688565, 4.003145514166537], [4.981086825258384, 0.19417622243225807], [1.953883008738151, 4.158536477955398]], [[-3.739892401344792, 3.5987741786485223]], [[-0.8064180011242197, 1.7549581463315573]], [[1.6300754752356967, -1.3427383277219214]], [[4.401356137569544, -1.97380527975334]], [[2.29484768465298, 1.1066865688455556]], [[-0.4135898595234063, -2.594632610988369]], [[-2.8000904993389013, -5.0]], [[5.0, 1.701092837336339]], [[-5.0, -1.8082520076577009]], [[-2.7408860011237963, 5.0]], [[5.0, -5.0]], [[-0.7445706863906025, -0.9311134104853205]], [[3.0154768568872132, -3.8684861654896254]], [[2.7742889059329667, -2.074164567358725]], [[-5.0, 5.0]], [[1.1068018595409095, 1.0119415597018917]], [[0.19723240906820777, 0.8203719248071569]], [[-5.0, 1.7111756904135824]], [[-2.962525547763776, 0.9717512385719744]], [[-0.7073306255306921, 3.827259827666587]], [[2.0976830044871733, 0.45958180835604434]], [[-1.9107052549184251, 0.25768055872774703]], [[-0.5803197681420891, 5.0]], [[4.3689724757868404, -0.6285192850550949]], [[-3.0706418260499166, -1.7773702158666471]], [[-1.937683450942284, 0.3522645137953047]]]"
25,"[1.9125346964653356, 0.09733509412484523]",[-999.68909355],[0.31090645],"[[ 0.51835574  0.0750084 ]
 [-3.18689787  3.76884787]
 [ 3.27663201  2.93511044]
 [ 1.34209908  2.71046009]
 [-0.91679056  3.59600896]
 [-2.1159616   4.53633682]]",1072360703.7553079,25,0.21003031638293923,5.245210176345915,[0.67291595 0.21721908],-1000.0,"[[[0.5183557379009764, 0.07500840386553964], [-3.1868978699452475, 3.768847869239897], [3.2766320073690967, 2.93511044317629], [1.3420990847156622, 2.7104600866279362], [-0.9167905603120898, 3.596008956108994], [-2.1159615985006273, 4.536336817661017]], [[-2.8623763190171614, -3.500444193825756]], [[0.5951390091529086, 1.5880396670383383]], [[0.2617223691234273, -5.0]], [[0.7854788415167906, -1.2565455206607672]], [[-4.369057984352693, 5.0]], [[0.032290595694839386, 2.2007927624817087]], [[5.0, -5.0]], [[5.0, -1.1682693821478147]], [[-5.0, -5.0]], [[4.009398210753105, -5.0]], [[2.451221617580711, -5.0]], [[5.0, 5.0]], [[4.573311808819066, -2.8080223381438687]], [[-3.534832802028704, -0.7918345626965813]], [[-1.5352951390164598, -1.5237557510883917]], [[-5.0, 1.5656406735672461]], [[1.7285166045856502, -3.8771155225300657]], [[3.473060416241679, -0.13665068390134022]], [[1.9125346964653356, 0.09733509412484523]], [[5.0, -0.13134727758130385]], [[0.5713610434374751, -2.856895234270503]], [[3.1903882358479105, 0.2258139189829068]], [[2.712996815511935, -2.072448758566679]], [[-4.10037290219298, 2.595383994214153]], [[-2.2696164646769397, 1.0666319868074028]], [[-4.667044234951377, 0.36222976294997045]]]"
26,"[5.0, 0.3091826504054712]",[57.22851007],[3.72851007],"[[-2.14098394 -1.17307331]
 [-3.72324683 -1.76868193]
 [ 2.88548451  1.99803464]
 [ 1.0032695   1.94488537]
 [ 0.71239106  2.05632152]
 [ 4.52036708 -3.23555972]]",819565688.4775041,26,1.6556085920298738,5.284177006967612,[0.62357127 0.33340497],53.5,"[[[-2.140983944424333, -1.1730733061772982], [-3.7232468259048224, -1.7686819266824774], [2.885484513952761, 1.998034640561177], [1.0032695036324046, 1.9448853656621692], [0.7123910630915571, 2.05632152103928], [4.520367084291591, -3.2355597232239663]], [[-1.7157346741782455, -1.026219195252641]], [[-1.6258663598706071, -2.0390867300543745]], [[4.004714804460477, -5.0]], [[-1.8454907007724741, 0.11834171655423859]], [[2.7754333105761737, -3.9939976308057843]], [[2.043222677071105, -5.0]], [[-2.5107842652568553, -4.5578497006561385]], [[1.565495097139533, -2.454933178629389]], [[5.0, 0.3091826504054712]], [[-5.0, 5.0]], [[-5.0, 1.464415957050056]], [[5.0, 5.0]], [[5.0, 1.2167018723584626]], [[5.0, -1.1509845134989185]], [[-2.811815654711966, 1.5056520891374878]], [[-5.0, 3.0239557499230165]], [[4.289952436337947, -4.257563105309912]], [[-4.3641804907282, -0.3986666816855017]], [[3.0564656041362244, -0.3323352891436694]], [[-5.0, 4.120896999540805]], [[3.93838941655702, 0.488435863793438]], [[2.797799011710867, 2.589029731080099]], [[0.9485248468420404, -2.8456274579430696]], [[4.2976245817341425, -3.609815413162045]], [[-5.0, -1.3978409646490175]], [[0.7435081000989444, -1.3723759439258725]]]"
27,"[-0.8376977693335036, -0.2227928544141204]",[-161.4027774],[8.6572226],"[[-2.44867245  1.2564673 ]
 [ 3.80844811 -0.87623035]
 [ 3.01847302 -3.70524072]
 [ 3.03065444  4.99715775]
 [-0.51362787  3.11651053]
 [-1.2321829  -4.72829294]]",1470208372.6286256,27,3.2144839858854994,5.5420222408536635,[ 0.70629456 -0.03388207],-170.06,"[[[-2.448672448456507, 1.2564673009134797], [3.8084481131845784, -0.8762303540181602], [3.018473016266398, -3.7052407236523233], [3.03065443709362, 4.997157747733386], [-0.513627868925429, 3.116510533647446], [-1.232182904890513, -4.728292943042252]], [[-1.8462321632327008, -1.2234418346323492]], [[4.042284363818223, -0.794761982770113]], [[-0.032482389165929215, -1.7634937362158363]], [[1.2109981669629533, 4.024727371196377]], [[-5.0, 2.1499486047711787]], [[-2.719998914865654, 3.5252809189430523]], [[-0.2998439949199538, 0.8070052360505461]], [[-1.9654307142964758, 0.1279747596035212]], [[2.0315578608515654, 4.402411083497537]], [[3.5933619599401907, 0.43870075806425146]], [[2.4934139676507256, 1.0319402779014286]], [[3.4437270396576527, -2.521802989774282]], [[4.5200045252192185, 2.9106172558046435]], [[-1.8735658678490092, -3.044147976404481]], [[-3.0367297964515476, -1.5040806621745013]], [[-0.8376977693335036, -0.2227928544141204]], [[2.346424387107765, -4.389049688423219]], [[-5.0, -5.0]], [[-5.0, -3.1889729894553716]], [[0.7945046168311436, 5.0]], [[5.0, 1.9055023407699139]], [[4.076307765525872, 1.6770055905249317]], [[1.3259622576538288, -0.18150399768590386]], [[5.0, 2.2867496993070096]], [[-1.0601981046688518, 1.4661880041154567]], [[-1.3183953829857522, -3.1914561546624665]]]"
28,"[-0.2698175667743541, 0.04119358316879884]",[38.45386404],[0.65386404],"[[-3.26649479  4.79254379]
 [ 1.97051508 -3.82532012]
 [ 1.52235646  2.76320649]
 [-2.16310748 -1.56192883]
 [-0.86044905 -4.37016566]
 [-2.15222059  3.00152149]]",637211492.5634094,28,2.947094614632035,6.476134224306345,[ 0.55913103 -0.43286544],37.8,"[[[-3.2664947854369517, 4.792543789274259], [1.9705150768071213, -3.825320115052625], [1.522356460302091, 2.7632064890816075], [-2.1631074798994354, -1.5619288255934682], [-0.8604490481168492, -4.370165659619473], [-2.1522205915067727, 3.0015214904633467]], [[-3.869945931875712, 0.039044537091856846]], [[2.532548572811989, 2.3236585393262787]], [[-0.648818419300464, -1.5932049837774018]], [[-0.4397094476793808, -2.455035915134956]], [[2.9288176940694512, 0.6114204128203365]], [[-4.6837272956517335, 2.545857223636059]], [[3.464603114429554, 1.4499773609007305]], [[-4.354641965870046, 0.4962136327453184]], [[-3.4912304912353536, 0.28938726072861853]], [[0.5647764030267153, 2.235365285694762]], [[-0.08217712762178397, 2.6311625057758405]], [[5.0, -1.9149668495349723]], [[0.1338566370337116, 0.9192420739360465]], [[1.7736186605995055, 2.401595745980577]], [[2.621001245003481, 2.087692178660005]], [[0.665084761275846, 3.1966250416800577]], [[5.0, -0.856870995855833]], [[5.0, 3.812478616367442]], [[0.5975638272224303, -0.5964201373083443]], [[5.0, 3.366809035491228]], [[5.0, -2.7020061868954026]], [[-2.2030685916836665, 1.1977547864903368]], [[3.5580455730036986, -1.2533096989759167]], [[5.0, 5.0]], [[-1.8126780674840297, -0.7227721690755069]], [[-0.2698175667743541, 0.04119358316879884]]]"
29,"[1.2757826569270174, -0.008717089219133252]",[-6.70283129],[4.68716871],"[[-2.96787751 -1.43374125]
 [-2.68862578 -4.89701204]
 [-4.90366291 -3.12302633]
 [ 0.4127365   4.78281962]
 [ 2.41027711 -3.37775825]
 [ 1.97280426 -4.73529841]]",570161395.924198,29,3.127786006804047,5.816959270548454,[-0.50528977  0.49465366],-11.39,"[[[-2.9678775053322806, -1.433741251911834], [-2.688625782346846, -4.89701203510317], [-4.9036629104217555, -3.123026331336556], [0.41273649993777894, 4.782819623080105], [2.4102771113502977, -3.377758246524214], [1.9728042551212566, -4.735298412141674]], [[4.050880553503283, -0.5866848099934613]], [[-0.47847935417720067, 4.892683905970923]], [[-0.08922041829427445, -3.288185607032193]], [[3.235764710250349, -4.68432701040817]], [[-4.033597233167223, 4.39236453858747]], [[3.126968022797021, 4.019916727059709]], [[1.2441900700741144, 5.0]], [[-1.6426965623818781, 5.0]], [[-3.591624124232632, -5.0]], [[5.0, 5.0]], [[-4.540225709277197, 5.0]], [[-2.5566627190485245, 5.0]], [[2.5933017730279815, 5.0]], [[3.9609127902493975, 5.0]], [[-1.7706921159747822, -4.237036292855755]], [[1.2757826569270174, -0.008717089219133252]], [[-0.9776881275096471, 0.5608342361257365]], [[1.9684626342996054, 1.3877777775546378]], [[-1.5799109044768123, 2.488061440553148]], [[0.2003571226291671, 0.11307428998370805]], [[0.6920085440976799, -2.1336354982699746]], [[1.6841853566169422, -0.24896311312680167]], [[-0.7514629031224055, -5.0]], [[-1.2744892950461262, 2.980312663251715]], [[-1.6080176797805947, -2.643605562891067]], [[0.16797955571420164, 0.32453102665893674]]]"
30,"[1.2660285224431687, 3.1477891504654356]",[57.70064608],[1.20064608],"[[-2.21885107  0.18567384]
 [ 4.64647996  0.46317133]
 [ 0.92103323  4.67380337]
 [ 4.2187251   1.76600932]
 [-4.59766087 -2.66906181]
 [ 0.90720768  4.59475695]]",600434831.8680559,30,2.720648620744612,5.996161171165413,[0.48143707 0.51789801],56.5,"[[[-2.218851068315635, 0.18567384399875042], [4.646479961943118, 0.4631713318852224], [0.92103322659037, 4.673803365966975], [4.218725101046131, 1.766009320596801], [-4.597660870403519, -2.66906181348877], [0.907207679671556, 4.59475695453817]], [[-1.6538834920094176, -0.570212223771688]], [[2.9937982651253274, 2.6716003025687796]], [[-0.4937049487091159, 1.9244389899746215]], [[-1.8362494915664, -5.0]], [[-3.8196818559073162, 5.0]], [[-2.9452070535506194, 4.7047459463503944]], [[-1.1275595894907993, -0.9867000479027321]], [[-2.572557388500288, 0.5386278771096311]], [[-0.1450318684610391, 0.07955623071448172]], [[2.53610788184145, 5.0]], [[0.7826977760977215, -5.0]], [[-1.1842571331929013, 5.0]], [[-3.5765102059588125, -2.0997406368976157]], [[1.0563542680200555, 1.0312514897454093]], [[-1.3030316240767104, 0.8079858327000013]], [[1.574344607246431, 5.0]], [[0.1761886241064765, 3.10321465465252]], [[-2.096901856864745, 2.0238127556811647]], [[1.2660285224431687, 3.1477891504654356]], [[-3.1537478415663784, 1.2833132961966058]], [[-3.946205291773134, -3.7476851073627713]], [[0.013633922793271297, 3.93899217149276]], [[1.811667471389876, 3.4876219250657723]], [[-0.5068808260443737, -0.5971022008082734]], [[-2.655924033418692, 3.676357536930939]], [[-0.21837984753332224, -5.0]]]"
31,"[-0.5472902202766076, 0.7485780685401575]",[63.93847555],[0.87847555],"[[ 1.54154411  1.56806019]
 [-0.06020506  1.79486527]
 [ 0.23906479 -4.58418244]
 [-3.16925932  1.77283618]
 [-0.89700749  3.0244901 ]
 [-0.42908541 -4.02090009]]",985239476.6206805,31,1.2091616801698093,5.2354815286377105,[-0.34187491  0.61896813],63.06,"[[[1.5415441136127148, 1.5680601899180813], [-0.060205060736530314, 1.794865265581377], [0.23906479257754487, -4.584182442250269], [-3.1692593158192195, 1.7728361813628695], [-0.897007486462698, 3.0244900983782443], [-0.4290854127135333, -4.0209000916444895]], [[-1.2030940843655291, 3.10991003213355]], [[4.31322562946177, 3.4853832702500775]], [[2.8181721019471864, -2.424864195354427]], [[3.9161235879836416, -0.24625682976623828]], [[1.5875680939653714, -0.580583551667557]], [[-5.0, -1.893665028385361]], [[-5.0, -4.148621996326001]], [[-1.1572309818359168, -1.9980516792060805]], [[-5.0, -0.11985400410130644]], [[0.8126187245149901, -2.290663531867493]], [[-5.0, 2.71095429875693]], [[5.0, -4.024446288835424]], [[-3.751146491487873, -1.7493971289903856]], [[1.993033724564704, 0.13759370080490319]], [[5.0, -2.0541904350729765]], [[-5.0, -1.2845846240777823]], [[-3.0589267272689193, 2.517476984776971]], [[1.3884204023395377, 0.5618234109007183]], [[-1.0962594991475514, -1.1546310525008376]], [[1.6445563420908265, -3.0465910215055825]], [[-4.119290624652317, 2.4841205843003076]], [[-0.5472902202766076, 0.7485780685401575]], [[-0.10871286066242147, 0.8732590278702891]], [[-1.4795793358614941, -0.4536596887057025]], [[1.207253772772823, 0.26772395639200575]], [[0.46478549927727303, -3.2050034881633653]]]"
32,"[2.3326470878386285, -2.447192125065496]",[57.50216876],[5.57216876],"[[ 4.76772522 -1.45725778]
 [-4.67902899 -4.68670286]
 [-0.37346042 -0.35590592]
 [ 3.00404534 -2.24697332]
 [ 3.6091043   2.36146366]
 [ 2.33264709 -2.44719213]]",1104811271.3455167,32,1.0062968169570594,6.877678281648023,[ 0.63208293 -0.31697188],51.93,"[[[4.767725216334481, -1.4572577773714244], [-4.679028986503352, -4.68670285891621], [-0.37346042199530594, -0.355905921072706], [3.004045341739058, -2.2469733218070576], [3.6091043049838216, 2.361463663265938], [2.3326470878386285, -2.447192125065496]], [[0.8782637144602818, -1.3731477037652082]], [[-2.464642765192781, 3.082340078769934]], [[-5.0, 5.0]], [[-0.40220769010688767, 1.886274985182403]], [[4.713533078406994, -5.0]], [[-5.0, 1.547965227499653]], [[3.561257874952533, -5.0]], [[-1.905090621360268, 5.0]], [[-3.476001445060772, 2.907531022218195]], [[3.561633991518998, -4.082119303742203]], [[-0.011018039552839712, 5.0]], [[0.8374080673321328, -0.1542263172309706]], [[-0.904791568821777, -5.0]], [[-1.3893083674053985, -5.0]], [[0.235389241765853, -0.18179436246079347]], [[-1.158208891411327, -3.446794697620265]], [[1.683602955581004, -1.3843914483252917]], [[-1.4529000878494116, 3.6014388861397246]], [[-1.0264339789404489, -2.08737534230102]], [[-0.43715134736296424, 1.212329229561032]], [[-3.6958997315586686, -2.4232270915346943]], [[-0.9046398735235854, 4.330052342831705]], [[0.3536480397575712, -4.779212170722374]], [[-1.1190829569917071, -4.094882630044599]], [[3.967193305683245, -1.3213440807635595]], [[1.6484294316640398, -4.164827223508917]]]"
33,"[0.3714858932252027, 0.6822460964227983]",[34.37320921],[3.66320921],"[[-3.81034747  2.29336989]
 [-4.49970807 -3.21795045]
 [-4.23721663 -4.0483683 ]
 [ 2.05833871 -2.64505089]
 [ 0.11243841 -0.93121889]
 [-4.95997873  2.72721784]]",1409464736.8001635,33,0.30148875508940143,5.961529686689633,[-0.08357915 -0.70214993],30.71,"[[[-3.8103474739138967, 2.2933698867240038], [-4.499708067608533, -3.2179504478430787], [-4.237216625372327, -4.0483683028799415], [2.058338712240195, -2.6450508896872504], [0.11243840955137152, -0.9312188870035731], [-4.959978728212352, 2.7272178445402817]], [[-2.1523789779724334, 1.9737606947859945]], [[0.5516864148537026, 2.499824655370926]], [[5.0, -1.1979391651863445]], [[5.0, 5.0]], [[2.1927778779200113, -0.33823785274092905]], [[5.0, -4.29682253490802]], [[-1.9275745628221286, 5.0]], [[5.0, -2.5295349239100426]], [[0.3714858932252027, 0.6822460964227983]], [[-1.0581585124082973, 3.4870467487302212]], [[-5.0, 0.687632178945751]], [[1.316352446133932, -1.5190216941081585]], [[4.571631741797227, 0.9562556771982502]], [[-4.191929048810691, 5.0]], [[2.990074511291615, -5.0]], [[-2.5726195960290927, 3.5680498773423728]], [[3.647860196372767, -3.576726463464665]], [[1.9748982182438855, 0.8301158251878409]], [[1.7177117970408475, -4.515796072418637]], [[-0.03446697864388032, -0.22547367217612632]], [[-0.49352917442611843, 2.261903311972499]], [[-0.8584400538043147, 0.594179162961361]], [[-0.2875759306292469, 4.618254573576456]], [[4.664260173690257, -2.8279372592730576]], [[-2.405132210259202, -4.649581128074523]], [[-2.336302319208887, 0.048124795956283606]]]"
34,"[2.3315174873188402, 4.635497045818247]",[18.29236255],[10.44236255],"[[ 0.27148729  1.6705446 ]
 [-4.19344189  0.87515799]
 [ 0.73221091 -4.1634165 ]
 [-2.80889797 -0.68875986]
 [ 1.11287612 -2.79772097]
 [ 4.61234676 -0.6329886 ]]",1292327855.7281764,34,1.878829462905163,4.99071317876949,[ 0.68843155 -0.16143729],7.85,"[[[0.2714872938400559, 1.6705445987659218], [-4.193441886399931, 0.8751579862290102], [0.7322109095085318, -4.163416503768974], [-2.808897973495955, -0.6887598562290336], [1.1128761213660496, -2.797720971154083], [4.612346758954837, -0.6329885984108401]], [[-4.063959474340809, -3.540661367162391]], [[4.7400100058303, 1.0339316865031722]], [[-3.862697295797791, 3.153238661889167]], [[-2.681633912145167, 3.2786456358059195]], [[-2.909902649305559, 0.48501853611118756]], [[2.289703620250921, 3.801730266307535]], [[2.4207999737071737, -2.6383717364841486]], [[-0.902883003991426, 2.20855527824663]], [[-1.036761932862085, -4.895431302201172]], [[-0.8150724296095264, 5.0]], [[0.3188588094946221, 4.650188769576987]], [[-2.678564828149168, 1.8820662513374486]], [[-0.17653053512327288, 1.1193606677858652]], [[-1.9815706487817097, 0.5792295347144082]], [[-0.55668024031543, 3.889432099217842]], [[5.0, 1.3624436229264194]], [[2.9193724883812266, 3.5830778490851576]], [[-5.0, -0.8882473995752088]], [[-5.0, 1.5207376851697016]], [[-0.4084758264659968, -1.4992201942827903]], [[-2.7262950546301497, -2.1316533834764266]], [[5.0, 5.0]], [[2.743383370646828, 1.4146501138829437]], [[2.5156693381792663, 5.0]], [[2.3315174873188402, 4.635497045818247]], [[3.9308826106488812, 1.1118284898426882]]]"
35,"[-0.9702915583121866, 0.5540995541444236]",[32.18893941],[0.27893941],"[[-4.73661952  2.7264726 ]
 [ 0.09911274  1.50130489]
 [-1.84181691 -0.05889256]
 [ 2.71039551  2.59765815]
 [ 1.85796065  1.53333125]
 [ 2.38758781 -4.17972527]]",612028189.4506582,35,1.2468536494595035,5.476193356442049,[-0.55411892  0.43926327],31.91,"[[[-4.73661951978708, 2.7264725988893046], [0.09911274065770304, 1.5013048943801488], [-1.8418169094308166, -0.058892563431713896], [2.710395514549484, 2.597658154309493], [1.8579606534654776, 1.5333312532388668], [2.3875878148696295, -4.179725273061704]], [[-0.04587676143481888, -2.391843934104688]], [[-1.6428667696389265, -2.6724529087424758]], [[1.6025619421123598, 1.0751931277629232]], [[-5.0, 4.65510435073942]], [[-5.0, 0.6348325140294085]], [[5.0, -0.25943827595542235]], [[-5.0, -2.200842494031735]], [[5.0, -2.6919984058899153]], [[5.0, 0.15757229174382187]], [[5.0, 3.437501723314479]], [[-5.0, 1.4609818487751371]], [[-0.9702915583121866, 0.5540995541444236]], [[-1.146036276135467, -2.684353053791826]], [[-4.401080128549482, -2.2484286564294607]], [[1.2642040519754252, 3.5820673102049163]], [[0.1394445124542601, 1.6212329540494557]], [[0.9663075913887016, -0.4333788141648481]], [[-0.5481881456195821, -1.257049338819317]], [[-3.257520900043258, 1.0298633154168433]], [[-5.0, -1.0241407783163021]], [[-5.0, -3.980178823647852]], [[-4.126407771709573, 2.4069394504213646]], [[0.44935588743480065, 0.02520198564896132]], [[0.8611349718594244, -0.4618077584590569]], [[-4.055480184244677, -0.013109787811086446]], [[0.35473852893638536, -1.823272271207137]]]"
36,"[-5.0, -5.0]",[-16.22837613],[2.86162387],"[[-3.02713283  4.51070205]
 [-4.37301931 -1.75949807]
 [-0.23400998 -2.2193656 ]
 [-1.79609647  4.25471975]
 [-3.2604516  -1.09542149]
 [ 4.13231605  0.56851741]]",1413502945.2980163,36,2.0483311646765094,5.282976436017017,[-0.67249527 -0.21851797],-19.09,"[[[-3.027132832173971, 4.510702045434039], [-4.3730193110899105, -1.759498073097081], [-0.23400997595766881, -2.2193655956370097], [-1.7960964708861726, 4.254719753426281], [-3.260451595839473, -1.0954214855568498], [4.132316049892745, 0.5685174128754555]], [[-3.181881623563425, -2.3739927554367273]], [[-1.278402381289922, -1.372718893258194]], [[-4.296526827608873, 0.04530453217570806]], [[0.2902010406373915, 2.7328700646223503]], [[2.0072367423381365, -3.811337601696453]], [[0.35465847121666105, -5.0]], [[5.0, 5.0]], [[5.0, -5.0]], [[2.1290490261229023, 0.2926919392205265]], [[3.1842073422065877, 3.716600297545201]], [[1.131320570676337, -2.8754892084962926]], [[-0.6154719745365879, 0.9774897848240733]], [[-5.0, -5.0]], [[-0.014793384191428867, 5.0]], [[-1.2746597540674374, -5.0]], [[3.8952886165867846, 2.5860621102407384]], [[2.203802037143495, 2.5724429705255525]], [[2.8211820013167284, 0.8107907666761716]], [[-2.4214400943597143, -1.8065106029258324]], [[0.37646976283541395, 0.5640224367451719]], [[-4.23934660698402, -5.0]], [[0.9897070648911416, -5.0]], [[-2.0808847198410385, 0.6706436575509862]], [[2.3372518101517006, 5.0]], [[-4.4444270455115875, -4.224670002750968]], [[-1.6226646704801846, -0.8143899236301189]]]"
37,"[0.6488211819371444, 0.2427265191808892]",[-135.8495109],[0.0004891],"[[-1.60655618 -2.88121715]
 [-1.37822876  3.50652415]
 [-0.14303616 -2.86350311]
 [ 0.22235318 -3.88543742]
 [-2.75540423  0.46846146]
 [-4.75124086  3.66851673]]",1119904847.3558204,37,3.2169577740754858,6.400646981106493,[0.66091569 0.2513771 ],-135.85,"[[[-1.6065561787664082, -2.8812171492376115], [-1.3782287600686818, 3.5065241549056942], [-0.1430361565948326, -2.863503109216893], [0.2223531800664702, -3.8854374223658783], [-2.755404228336009, 0.4684614638968192], [-4.751240861151485, 3.668516730900185]], [[-2.2659291221736133, 4.642113278828603]], [[-0.13495405494067655, -3.9410226149862866]], [[-3.096016728731318, 0.3378633078592915]], [[2.3444762407919537, 0.622818973154251]], [[-0.5818566664354516, 3.4298709353783465]], [[4.497301027708662, 5.0]], [[-5.0, -4.312394344447123]], [[5.0, 1.188352838453786]], [[2.5687008817354586, 5.0]], [[0.6488211819371444, 0.2427265191808892]], [[5.0, -5.0]], [[3.5996730905926078, 3.3382330725842047]], [[-0.6788355250573676, 5.0]], [[2.0656361082316885, 1.9355288668853734]], [[4.1684112535733355, 5.0]], [[-4.567458304496134, -1.3680689332098286]], [[5.0, 5.0]], [[-3.4853930235559822, -3.9425270666702446]], [[4.275324609668908, 4.4363586963324035]], [[-2.787756214445734, -1.8558813960288634]], [[-1.41912469685034, 3.625974774084764]], [[-2.4784844430283344, -5.0]], [[-3.4004934519173977, -3.629898493238657]], [[1.9238503480578464, 3.5520828011537713]], [[2.7190120118081036, 2.273274039536224]], [[4.307493285775102, 4.026070881068873]]]"
38,"[0.9103807881121668, 0.07412723823853078]",[-86.25184176],[2.35815824],"[[-0.73648234 -3.53018577]
 [ 3.9391282  -3.19210064]
 [-3.39398999 -1.34059379]
 [-2.33383993  2.26821182]
 [ 2.66325268  0.40527507]
 [ 1.63484613 -1.17945236]]",1708308547.3819036,38,1.543523047587442,4.581175699354469,[0.70514276 0.05266576],-88.61,"[[[-0.7364823352635739, -3.5301857740733675], [3.939128200256775, -3.1921006438378443], [-3.393989992787886, -1.340593791583248], [-2.333839929878252, 2.268211821277445], [2.6632526763033395, 0.4052750721122216], [1.6348461286125113, -1.1794523605806306]], [[-1.0023824809291026, 1.3020320898558237]], [[-3.4656455814147877, 0.5195203885670177]], [[2.966732818103535, 0.40884879809713065]], [[-1.4950600524324356, 0.23291104462044232]], [[-4.564285586723222, -4.364006651102663]], [[5.0, 3.9321254043224054]], [[-1.726720300972219, -2.227417110928879]], [[5.0, 1.7995033384788586]], [[-3.0112225366362124, -5.0]], [[-5.0, 5.0]], [[-4.671682584981699, -3.0219568772799916]], [[5.0, 3.035168063679291]], [[-0.17777892359600936, -0.7040834659393062]], [[0.7398831474254668, 5.0]], [[2.844213064330159, 5.0]], [[-1.9648714979515027, -4.156355607886355]], [[-0.11299951650879324, 3.755595019462647]], [[-1.3011150013668047, 1.8025821699869475]], [[0.2740943921485371, -5.0]], [[1.3619084512487325, 3.8557052749169234]], [[4.012269043569771, 2.449663084015513]], [[0.9103807881121668, 0.07412723823853078]], [[-2.271697798084141, -1.2754771398866385]], [[4.375232379599879, 2.2886867468474024]], [[-4.681053329196649, -4.93947959707933]], [[-2.237382176894793, 2.3523315875427557]]]"
39,"[2.850134421134956, -2.5730153673685416]",[192.15147641],[6.52147641],"[[ 0.8519181  -0.5115998 ]
 [ 2.43737035 -3.09722141]
 [-2.76060088  2.60318406]
 [ 2.32887848 -4.92213879]
 [-1.39672995 -0.92029701]
 [-3.36860763 -1.84767997]]",971514001.5777086,39,0.5453019963194009,4.738481382208928,[ 0.31977466 -0.63066962],185.63,"[[[0.8519181040953914, -0.5115997977383824], [2.4373703516383616, -3.0972214093578], [-2.760600875176884, 2.603184060705451], [2.328878481722273, -4.922138788507683], [-1.3967299516020604, -0.9202970066687861], [-3.3686076260262277, -1.8476799661927168]], [[0.8940351784742799, -0.3290147643647202]], [[-4.255589688347331, 0.8177073505884127]], [[-4.956489094100652, 1.843569486925867]], [[-3.067467915636044, 3.866615272018946]], [[-3.539191407114132, -3.5037738087367942]], [[5.0, -2.903036900592096]], [[4.335947593193843, 2.0226107678638283]], [[5.0, 5.0]], [[5.0, 0.8111198381127067]], [[2.0038435332098214, 1.4236252621316219]], [[3.135024528719905, -2.281719373731397]], [[5.0, -4.296422840802892]], [[4.435166247639165, -3.5061760122767165]], [[5.0, 1.4399989970645493]], [[5.0, -0.8316926928232574]], [[2.850134421134956, -2.5730153673685416]], [[0.6124271440126069, 2.066848630531491]], [[1.759532698206792, -2.425038922046973]], [[-5.0, 3.648261728360435]], [[-0.0653420600503095, -0.778940297056473]], [[5.0, -3.686300781834454]], [[1.1667736520571377, 4.375533270912979]], [[0.37622743315179014, 1.0008348288572733]], [[1.6886131863863163, 1.1424959318258676]], [[-2.1501340125903456, 1.4061800139326572]], [[-0.18289176426696518, -0.7337454338235189]]]"
40,"[-1.7324301613555515, 0.205905936761861]",[85.76020708],[4.45020708],"[[ 2.51673854  2.55317395]
 [-4.34043258  4.45598047]
 [ 1.20346091 -0.47745626]
 [-3.34440265 -4.70903842]
 [-2.19201464  4.66922324]
 [ 1.36038217 -2.70257011]]",1217270114.3241034,40,1.9544890484982171,5.79396365083447,[-0.70492825 -0.0554631 ],81.31,"[[[2.5167385351655094, 2.553173952259007], [-4.34043258417851, 4.455980466540048], [1.2034609133947791, -0.47745625593752195], [-3.344402648501934, -4.709038423409612], [-2.192014635500479, 4.669223237378061], [1.360382173166217, -2.7025701070888166]], [[-0.19791705411432137, 0.7530099149695788]], [[-1.0159987941544824, 2.6283363024804354]], [[-5.0, 3.16303168089476]], [[-1.8042503286146951, -1.5577372052583367]], [[-5.0, 0.15930009324635924]], [[-5.0, -2.1697794254620875]], [[0.05114541371183911, -3.1505559260244107]], [[5.0, 5.0]], [[-2.9042049377273904, 1.7373842591814335]], [[5.0, -5.0]], [[5.0, -0.9483278249900821]], [[3.845757621143686, 0.8196792571010757]], [[1.1225771382370517, 1.961149170493537]], [[-0.3347136474758602, -1.0692388808401307]], [[-0.28477606890966656, 5.0]], [[3.798495072565732, -2.0123711440024166]], [[-5.0, 5.0]], [[-1.7324301613555515, 0.205905936761861]], [[5.0, -3.5907641969894306]], [[-0.5848327284756641, 4.001077258180574]], [[2.836376420939267, -5.0]], [[3.6963345311016353, -3.846219225603696]], [[-1.505164041589929, 5.0]], [[-0.43382886343344396, 3.617670305611165]], [[-2.6369606933258676, 3.8453206525276578]], [[-4.564785675567724, 0.6818305849317454]]]"
41,"[0.2427009799096735, 0.9839006016686823]",[-12.41652491],[2.94347509],"[[-3.94549108  3.97640771]
 [-1.43039874  4.59831938]
 [-3.40467644 -4.66966444]
 [-2.8436899  -3.1212776 ]
 [ 4.17862399 -3.53176684]
 [-3.6769757   3.68614984]]",593780324.0917132,41,3.5217043782181165,5.627258003267026,[-0.536601   -0.46049904],-15.36,"[[[-3.9454910805857715, 3.9764077059828793], [-1.4303987414835015, 4.598319383974676], [-3.404676438597253, -4.669664439165793], [-2.843689899720847, -3.1212775982471532], [4.178623989515957, -3.531766836655991], [-3.676975697871001, 3.686149843615194]], [[2.7325785013865316, -1.9698827301436097]], [[-0.5066773777003472, 0.5079582119825533]], [[4.391602459233462, 1.3375822163716824]], [[3.8362396030239845, 2.2014247702399317]], [[-4.556235787107484, -0.38684440371663154]], [[1.277319753289128, 2.952080863189692]], [[2.3921734404248056, -2.465973426962225]], [[5.0, -0.15886602846876077]], [[-5.0, -1.7261740730377713]], [[-5.0, -1.183455330552806]], [[-5.0, 0.18810589767411398]], [[-5.0, -1.5025730067747913]], [[-1.5577747633783892, -0.8598189814400884]], [[0.2427009799096735, 0.9839006016686823]], [[-4.3270685430609825, 4.673812604572232]], [[-1.0598938926581616, -0.36945902510970174]], [[2.0421508371626063, -0.29425785958582246]], [[-5.0, 2.7638425841588696]], [[-5.0, 1.813918471763208]], [[-3.7165050611703134, -1.337239204161668]], [[0.06186992510392224, 0.8519257131473144]], [[5.0, -1.1818197668151487]], [[-1.7128795002591821, 2.146537618311613]], [[3.1326103724463366, -0.7675833288199421]], [[-0.017043946376465717, -1.6354006600885196]], [[1.099352374132121, 0.722018192949353]]]"
42,"[-1.0582703297993814, -1.3872007056459237]",[-7.12155317],[6.05844683],"[[-2.9117728   0.36551168]
 [-3.47351924  3.77848616]
 [-2.90923686  2.66929112]
 [ 0.89655523 -4.4797494 ]
 [-0.9048618  -0.4763228 ]
 [ 2.22438304  4.86971415]]",1586022847.4992542,42,1.5953428861453762,5.761719532359959,[ 0.67049409 -0.22458334],-13.18,"[[[-2.9117728029832, 0.36551167620668146], [-3.473519242514115, 3.7784861647665906], [-2.9092368638994737, 2.669291118545919], [0.8965552291573093, -4.479749400288266], [-0.9048617988089411, -0.4763228013233656], [2.22438303762035, 4.869714153120185]], [[-1.0582703297993814, -1.3872007056459237]], [[1.0737829894745077, -4.017843521820314]], [[-3.664797695328955, -4.0505750291940785]], [[-1.1610347052980647, 0.2643799276646208]], [[-2.8271593705836655, 5.0]], [[-1.2793650572544955, -1.4971068820285451]], [[-0.01180422979279605, 2.4835473102434453]], [[5.0, -4.999999999999999]], [[3.3458915321578373, -5.0]], [[-0.7696214299443597, 5.0]], [[5.0, -1.6825033398535356]], [[-5.0, 5.0]], [[4.458455871919619, -5.0]], [[-0.8031491839967378, -5.0]], [[-0.30848330340716923, 0.7929765425802447]], [[-0.3601115504450856, -5.0]], [[-5.0, 1.2954063183055333]], [[-1.8771294715654165, 0.12770239767719865]], [[-0.5818101815018546, 1.205060152658636]], [[2.4167117454216243, -2.595147861524893]], [[-1.848609529805243, -4.3842801665016475]], [[1.7101871994703337, -1.5577168779579327]], [[1.9101381955104464, -2.1666622052625186]], [[2.4866749043658016, -1.7280618349526742]], [[3.5838423249673657, -3.83007749402506]], [[-0.7407173432324149, -3.9811608949249284]]]"
43,"[4.2422480732216865, -2.7679199422268526]",[-58.56992965],[1.95007035],"[[-0.57937563 -4.52588451]
 [-2.49794537 -1.08394191]
 [ 0.05541285  2.24823648]
 [ 2.20559961  1.2515378 ]
 [ 3.02641255 -0.81238886]
 [-1.73096849 -3.67897015]]",1585629065.7915518,43,2.0283278967774474,4.600536652342256,[ 0.69903448 -0.10654009],-60.52,"[[[-0.5793756280502294, -4.525884506174686], [-2.4979453689177546, -1.0839419106028014], [0.05541284864202467, 2.248236479183001], [2.2055996139914713, 1.2515378043610301], [3.026412551593541, -0.8123888613991168], [-1.7309684868021713, -3.678970148946731]], [[4.342630442582834, 3.524816066024046]], [[-3.9599082315027108, -2.2459234474245533]], [[2.710384776135981, -0.3742790663756311]], [[1.1234942561660346, 1.8260332266284462]], [[-5.0, 4.361811772472453]], [[-3.0233129160456094, -3.8558793929647166]], [[-3.575102703327349, 1.671238914001424]], [[2.8198323252726687, -3.5016106097691866]], [[0.4493066464150764, -2.5633686935161286]], [[5.0, -2.116656090917452]], [[0.07018290274914685, -3.661173530989601]], [[5.0, -5.0]], [[-2.830760750743803, 5.0]], [[-1.4855815276140665, 0.5222673538196291]], [[4.807981334912005, -3.4599437977389402]], [[-0.8590774431905989, -2.232361371003326]], [[-4.344738208746674, 5.0]], [[-0.10961326126269261, 1.1579782817735493]], [[-5.0, 1.4163848958624592]], [[-2.0203493827707004, -0.39208951378163853]], [[-1.9058362090835765, 1.938203978202719]], [[-1.4450449050631176, 2.909374459595993]], [[4.2422480732216865, -2.7679199422268526]], [[3.480278856062407, -0.5446198456022238]], [[1.1278221317977106, -5.0]], [[1.909346175498552, -2.643516137527697]]]"
44,"[-1.9727737889950716, -0.43744417814787867]",[186.9193535],[2.5193535],"[[ 4.13742651  2.66954821]
 [-2.49554403  4.980564  ]
 [-1.89619944 -3.40952143]
 [-0.74518211 -2.59153066]
 [-0.14966417  3.69800596]
 [ 0.03272737  0.42364846]]",1556142786.5017543,44,0.8437137015613244,5.522668132796599,[-0.70688616  0.01766244],184.4,"[[[4.137426505184351, 2.669548213300158], [-2.495544026979739, 4.980564000207641], [-1.896199441081332, -3.409521426368902], [-0.7451821092815525, -2.5915306561434504], [-0.14966416591564347, 3.6980059636299316], [0.032727367565360765, 0.4236484586400575]], [[1.2759248823335891, 2.572382770019731]], [[-2.056820259803031, -3.493146304272778]], [[-3.279680879358534, -0.9763711416088436]], [[-4.440752416454117, 1.296461906481487]], [[1.35110052657025, -0.21216941843146703]], [[0.07066045153669917, -1.7085007880238365]], [[-3.1193281559796575, -5.0]], [[-5.0, -0.008801531854131224]], [[5.0, 0.7409773062337525]], [[2.9155459861224586, -5.0]], [[5.0, 5.0]], [[-5.0, -5.0]], [[-1.71614059711622, -1.411649216516889]], [[1.754443839709472, 5.0]], [[-0.6127817626009724, -5.0]], [[5.0, 2.966189601310386]], [[3.293694354019545, 1.033196069145043]], [[-3.2534774406822904, -1.7189973777742316]], [[-1.9727737889950716, -0.43744417814787867]], [[0.45936446541019826, -4.250843461254893]], [[-0.10786787327263361, -3.1426329742131034]], [[4.452663712501323, -4.502846711105548]], [[-2.7045915626694397, -0.9995796067972252]], [[1.6272342520031005, -1.028758068957789]], [[-0.8107105651251597, 0.14452066029365893]], [[3.2918050901792766, 4.401747578259023]]]"
45,"[-0.8958376253013185, 1.310578564106807]",[229.61828507],[1.84828507],"[[ 0.96869223  0.35682152]
 [-4.9844046   0.17919692]
 [ 2.16260567 -4.13979033]
 [-0.89583763  1.31057856]
 [ 1.32787677  4.06823774]
 [ 3.51222696  4.85929901]]",655859905.2923276,45,0.917995316710274,5.967259850109975,[-0.5292114   0.46897259],227.77,"[[[0.9686922323689515, 0.3568215227311917], [-4.984404598821136, 0.17919691863562814], [2.1626056729704066, -4.139790333779797], [-0.8958376253013185, 1.310578564106807], [1.3278767665035112, 4.068237738186015], [3.512226955684717, 4.859299014489917]], [[4.530617703281116, -4.060204893485464]], [[-3.797182865970586, -2.4717892549689813]], [[-2.0004152639620933, -5.0]], [[-0.05777135519807542, 5.0]], [[-0.8661786532146457, -5.0]], [[-1.0323275669649923, -1.0468864886366538]], [[0.14591540746637738, 4.630156120498727]], [[1.1435043056969199, 2.668915390690039]], [[0.7472025707398798, -0.7727521717325475]], [[0.5060191311669902, 0.7722288021482223]], [[1.9337957833998463, -3.5057094011650376]], [[1.6200315999348232, -1.0462088556386613]], [[3.2748903213151337, -2.2024417894897867]], [[-0.3099487796761266, 4.279273437561211]], [[-2.870222383052501, 4.23888849081568]], [[-2.6409957082506734, 2.9416982604467066]], [[-3.13168770069852, -3.8760216507418916]], [[3.878273708999404, -5.0]], [[5.0, 5.0]], [[-1.4973985166759851, 5.0]], [[2.624065708043485, 5.0]], [[2.5642347188635926, -5.0]], [[-1.0367954707108593, 5.0]], [[-1.5770308456405855, -5.0]], [[-0.6960677685421169, -4.9671274951713436]], [[2.1563436380268466, 4.456145673502849]]]"
46,"[-3.865957211952094, 0.9880884124257668]",[97.52057808],[1.12057808],"[[-2.28023352 -1.30443134]
 [ 0.92024476  1.29291424]
 [ 4.35564632 -1.74562169]
 [-4.59160977  3.45355315]
 [ 0.02790198  2.83949507]
 [ 4.81934178 -0.88205682]]",1750713409.2791991,46,1.9886555135060098,5.575460334699644,[-0.7004957  -0.09646646],96.4,"[[[-2.28023352426702, -1.3044313424474172], [0.9202447600263932, 1.2929142441801256], [4.355646315948931, -1.7456216892085532], [-4.591609765119731, 3.4535531513013034], [0.027901982724981345, 2.839495070960729], [4.819341777401613, -0.8820568157285607]], [[4.215604612804377, -3.008280166596886]], [[0.5956720615852166, 0.27169424217059523]], [[0.2739182507830203, 2.099368031369553]], [[1.6229648171190418, -1.560265009235643]], [[2.363551812635142, 2.6448455720876227]], [[-0.7989895746285013, 2.9980420590476413]], [[-3.5096367199061484, -3.5014839600292422]], [[3.243071564396226, -0.7146380619325167]], [[-5.0, 5.0]], [[-1.6409092596477033, 0.30481345423121464]], [[3.759147419469941, 5.0]], [[-5.0, -0.09192119389074421]], [[-1.2597568812131905, -0.47462904700331165]], [[5.0, -5.0]], [[5.0, 0.5866244961202767]], [[5.0, -3.7595327642220275]], [[0.9634276117428782, -0.9445090854444972]], [[-5.0, 1.5846508891585405]], [[-3.865957211952094, 0.9880884124257668]], [[-4.311442124712317, 1.640992484554613]], [[3.978196692116608, 1.191611357531455]], [[-2.7193688822359254, 5.0]], [[-0.4756560163852921, 4.524061675162564]], [[1.5186237402889624, -3.2109613927030702]], [[3.6310349183831967, -4.464178155327316]], [[-5.0, -2.6719292045882055]]]"
47,"[-5.0, 1.7517256227338587]",[-85.01621912],[5.43378088],"[[ 4.18391498 -0.03928964]
 [-1.74783827  3.18671951]
 [ 1.71683489 -0.04484649]
 [ 2.31846841  0.60667961]
 [ 0.82310367  3.37461822]
 [ 1.50240191 -1.44625941]]",605523616.9527073,47,2.29177814929185,4.725637636984496,[-0.51227885  0.48741192],-90.45,"[[[4.183914983714267, -0.03928964442991223], [-1.7478382719384458, 3.1867195144659632], [1.716834888564346, -0.04484649496197424], [2.318468410543188, 0.6066796095380234], [0.8231036717543123, 3.374618224098617], [1.5024019071485633, -1.4462594144021357]], [[1.5032989518499533, -0.10994487715686972]], [[0.16948975300204935, -1.5519436744868975]], [[0.04717695583692116, -1.9335567051187368]], [[-5.0, -0.06421035555946299]], [[-5.0, 1.7517256227338587]], [[5.0, -5.0]], [[-2.293627681789819, 0.9984758930530341]], [[2.6473168372716813, 0.92951782009096]], [[-4.073964539430616, -4.369567193695176]], [[-4.690400277809415, 5.0]], [[3.8685898490638593, -2.3010498138873743]], [[2.963730460639403, -2.4517889008918416]], [[-2.605136875148103, -3.097298996342728]], [[-3.4919927191118885, 5.0]], [[-3.3990624930403546, -1.6790821959285074]], [[3.5737629012198706, 2.4998006470597867]], [[0.11338174168240567, 1.802948332151722]], [[3.226378925940999, -4.005051360853762]], [[2.4664098146399667, -3.1933873870247864]], [[-5.0, -2.794350309391195]], [[-4.850504568418663, 0.026169070231000402]], [[-5.0, -0.8441091173520661]], [[-4.9296878376565605, 4.523567594507156]], [[0.30494224988788865, 2.7647730590896433]], [[1.609545491039644, -0.4668275305512019]], [[-0.13937467103285, -0.23542356381714863]]]"
48,"[2.034616376643332, -5.0]",[69.84485368],[29.89485368],"[[-0.84100015 -3.31987864]
 [-1.92680079  3.26133948]
 [-1.32370158 -1.59315277]
 [ 3.54184211  4.76224862]
 [-3.15702769  3.19450237]
 [-3.01317849  2.92965699]]",1659173711.8916402,48,2.644166078568326,5.451897466130393,[0.69840757 0.11057516],39.95,"[[[-0.8410001545512289, -3.3198786449941418], [-1.9268007920712957, 3.2613394817941064], [-1.323701579339983, -1.5931527677954382], [3.5418421082161995, 4.762248618943223], [-3.157027688888574, 3.1945023749889163], [-3.013178491894016, 2.929656986468684]], [[-2.5738347773144126, -5.0]], [[5.0, -5.0]], [[2.034616376643332, -5.0]], [[0.10014889867641957, -2.967360447055648]], [[-5.0, 5.0]], [[0.9649956860997484, -5.0]], [[-5.0, 2.314147130100329]], [[3.5399635196965984, -5.0]], [[-0.6886549822047037, -2.0801690121031546]], [[-5.0, 0.010153440304045688]], [[5.0, -2.942616780478073]], [[2.2830780137036757, -4.3629641345887595]], [[-2.4675389361770312, 5.0]], [[-3.997914737745859, 1.870660408401621]], [[0.09918869315567812, 5.0]], [[-1.88213695597814, 0.8654727157666138]], [[1.9409254984250253, -0.5220813252239228]], [[1.7138807019332185, -1.607570781870415]], [[3.555109261954598, -1.118657513656035]], [[-3.487925591099908, -1.575036667405361]], [[2.959559028945976, -1.41663950876221]], [[0.2229669243517163, 0.8872882181578551]], [[0.7718359777244465, 1.0582422825437414]], [[5.0, -0.602412846791067]], [[4.572931989725642, -1.3721604903600282]], [[0.9307142763649853, -1.6997634011253235]]]"
49,"[-1.866794176024296, 3.2813556899226723]",[79.38558978],[1.76558978],"[[-0.7418339  -3.57714638]
 [ 3.19882352 -3.05898534]
 [-1.77267094  4.62233394]
 [-2.83138131  4.70726617]
 [ 2.91101276 -2.4985685 ]
 [ 2.34392953  1.40848692]]",1526709945.3377311,49,2.545841463011112,5.001931485968063,[-0.10128874  0.69981468],77.62,"[[[-0.7418338961084618, -3.577146377625432], [3.198823520993443, -3.058985342874585], [-1.7726709392410012, 4.622333943646229], [-2.831381312672472, 4.707266169804576], [2.9110127599949687, -2.49856849992974], [2.3439295313442674, 1.4084869237529247]], [[-3.965965813960517, 4.7986506039877]], [[-3.298327871217991, 3.341485091699849]], [[-5.0, -5.0]], [[1.6844620165150075, -5.0]], [[-0.44911250191080215, 0.005570091657555553]], [[0.26549523269347886, -1.9535632155170968]], [[0.2302846054628878, -0.7889992301575679]], [[5.0, -1.613482545807669]], [[-2.5907048739276113, 3.704167072708115]], [[5.0, -5.0]], [[2.389766983885998, 4.439303090461227]], [[-0.10275838161047075, 1.3361733943571326]], [[-5.0, 3.7331727230284817]], [[-1.5817581907044442, 2.046567165383138]], [[5.0, -3.6368084235715137]], [[1.796761881170174, -0.21295045588785694]], [[-0.2458014370941667, 0.7298180855112449]], [[-5.0, 0.9818133432625813]], [[-1.866794176024296, 3.2813556899226723]], [[-0.5889648417622075, -1.38967500491578]], [[-2.231425381839336, 0.4957702095187999]], [[-2.151297147229018, 4.971599090075056]], [[-4.901776301754318, 3.653612804372969]], [[3.415506705480439, -1.2926630830002814]], [[2.527221039001536, -4.002261957210555]], [[5.0, 1.3805753218818253]]]"
