,xopt,yopt,regret,doe,precision,f_s,min_dist_to_opt,max_dist_to_opt,real_xopt,real_yopt,bo_history
0,"[-1.332283379226744, 1.4727911613495097]",[-133.19179757],[1.93820243],"[array([-1.91455992, -4.98815563]), array([ 0.33929176, -0.23172301]), array([1.72805769, 1.21545049]), array([4.25845419, 5.        ]), array([ 3.67451077, -4.42798368]), array([-0.30555602,  3.06214271])]",22015208188.970703,0,2.3932368277587504,10.300868627100826,[-2.592  -2.6928],-135.13,"[[[-1.914559922632019, -4.988155627199505], [0.33929175565046044, -0.23172300503725296], [1.7280576903241163, 1.215450493571329], [4.258454191715321, 5.0], [3.674510773763021, -4.427983678272768], [-0.30555602195397347, 3.0621427091992928]], [[0.7802710019198758, 3.3933834570527246]], [[-1.3717489255372868, 5.0]], [[-1.2222975936657339, -5.0]], [[-4.00144708290147, -5.0]], [[-3.274574568687734, -5.0]], [[-5.0, 5.0]], [[2.795398987898735, 3.7141695445441965]], [[-3.5803223631061556, 0.10452394022240329]], [[-0.22490094218245016, -3.1907984386837263]], [[-1.811838115615389, -1.1963441339258178]], [[-5.0, -5.0]], [[-2.2437557126802625, -1.5330033365896718]], [[-5.0, 2.8603982576596367]], [[-5.0, 0.18714834343052195]], [[-4.667669116079453, -3.876118198396937]], [[-1.332283379226744, 1.4727911613495097]], [[-2.9446734687046803, -3.735707489121124]], [[-0.5033216207143847, 5.0]], [[-5.0, -2.0364755222584]], [[-4.395002854500045, -2.937464843480871]], [[-1.5181471783390144, 3.3539662214435206]], [[2.1921604813522677, -5.0]], [[-2.601227695645708, 5.0]], [[5.0, -5.0]], [[-2.456360433687843, -5.0]], [[5.0, -0.3989664457797724]]]"
1,"[0.41396379686554347, 0.7089130086632393]",[149.9899442],[0.8399442],"[array([-1.91455992, -4.98815563]), array([ 0.33929176, -0.23172301]), array([1.72805769, 1.21545049]), array([4.25845419, 5.        ]), array([ 3.67451077, -4.42798368]), array([-0.30555602,  3.06214271])]",1106336654.532672,1,0.41828955975980386,6.8886214241822845,[-0.0552 -0.3708],149.15,"[[[-1.914559922632019, -4.988155627199505], [0.33929175565046044, -0.23172300503725296], [1.7280576903241163, 1.215450493571329], [4.258454191715321, 5.0], [3.674510773763021, -4.427983678272768], [-0.30555602195397347, 3.0621427091992928]], [[1.1327856832917973, 0.20798591134724223]], [[-3.023131734270651, -1.3901892714407456]], [[-5.0, -5.0]], [[1.3700702907256102, 5.0]], [[-1.9535928864320011, -0.04978484813863732]], [[0.916658114697954, 2.6335681435326213]], [[-2.459504926198155, 5.0]], [[-1.5163406516444207, 5.0]], [[-2.0154925584283157, 5.0]], [[-0.7266228371908733, -1.1707378212188442]], [[-2.492643728278777, 0.3400088427671387]], [[-3.9248050164578623, 5.0]], [[-0.7636366974627092, 3.6163261079190656]], [[-2.3537737531315486, 3.0162026087326588]], [[-2.758243411529492, 1.0100044193744384]], [[0.9314138383953715, 5.0]], [[0.7645804230959155, 2.1790804951473213]], [[-0.218012352923916, -0.4199567054539988]], [[-3.512193387910952, 5.0]], [[0.09837671851515761, -4.235414552419826]], [[-4.388781029352127, 4.319839006254142]], [[-0.5297160090590456, 0.24154357855987652]], [[2.555928592454137, 3.3849600282438264]], [[0.41396379686554347, 0.7089130086632393]], [[-1.0179987130088464, -3.1899170915641886]], [[-0.475341860642161, -5.0]]]"
2,"[-1.7127439019506363, 5.0]",[-991.78188076],[8.21811924],"[array([-1.91455992, -4.98815563]), array([ 0.33929176, -0.23172301]), array([1.72805769, 1.21545049]), array([4.25845419, 5.        ]), array([ 3.67451077, -4.42798368]), array([-0.30555602,  3.06214271])]",37560068777.868675,2,3.1654872780202945,8.59983221027746,[-2.8482  1.1766],-1000.0,"[[[-1.914559922632019, -4.988155627199505], [0.33929175565046044, -0.23172300503725296], [1.7280576903241163, 1.215450493571329], [4.258454191715321, 5.0], [3.674510773763021, -4.427983678272768], [-0.30555602195397347, 3.0621427091992928]], [[-5.0, -5.0]], [[-3.970316177651663, 5.0]], [[-3.846624421570524, -5.0]], [[-1.7127439019506363, 5.0]], [[-2.1645203118288663, 5.0]], [[-5.0, 5.0]], [[3.198377176203266, 2.746474970896955]], [[1.66502254121598, -0.6580301587112336]], [[-2.220909369822104, -2.3635423530381763]], [[-4.119422356505145, 4.7654546443891235]], [[-3.1901371147967685, -3.954319042259776]], [[-1.0543406753599844, 5.0]], [[-4.587410639490437, 5.0]], [[-2.788288472074456, 2.817933350232985]], [[-5.0, -0.8477006416644853]], [[-4.056895540509832, -1.4337630277996525]], [[-3.9005980371398077, 1.5309440684157694]], [[0.549512151746546, -1.682810407671016]], [[-3.1088768750938467, 3.3058050994270776]], [[-4.582671824618286, -5.0]], [[0.10402368930933648, -3.6061749749325744]], [[-3.3789433804117857, -0.8015183452311153]], [[-1.835290775820566, 0.6654072853361546]], [[-0.8175030268180021, 1.8499505705015833]], [[3.637336890228296, 1.7895065675614772]], [[-4.921920710591233, 1.9119257607892954]]]"
3,"[-3.466320446754081, 0.5995202166151912]",[105.71596425],[7.09596425],"[array([-1.91455992, -4.98815563]), array([ 0.33929176, -0.23172301]), array([1.72805769, 1.21545049]), array([4.25845419, 5.        ]), array([ 3.67451077, -4.42798368]), array([-0.30555602,  3.06214271])]",2916639647.0863237,3,1.4659667252198634,7.964674419791191,[-0.8052 -1.1478],98.62,"[[[-1.914559922632019, -4.988155627199505], [0.33929175565046044, -0.23172300503725296], [1.7280576903241163, 1.215450493571329], [4.258454191715321, 5.0], [3.674510773763021, -4.427983678272768], [-0.30555602195397347, 3.0621427091992928]], [[-4.238894312851437, 3.9727552263897614]], [[-3.2026631273930684, -2.537599727908079]], [[-2.4686684539461234, -2.0904931053965914]], [[-3.8863839203204877, -1.2719529000270855]], [[0.38107823570953947, 0.8866228766544726]], [[1.0933326553154155, 0.7183577722245647]], [[-1.0511500175020676, 2.6314764903467975]], [[-5.0, 5.0]], [[2.5897886308781644, 4.691042731998418]], [[0.6868331061878149, 5.0]], [[0.2114275549306943, 5.0]], [[0.7481199902906344, -5.0]], [[5.0, 5.0]], [[-0.7353062882410472, -5.0]], [[-5.0, 3.047104415488895]], [[-0.8630254852989516, -0.9399147581569712]], [[-1.2425148373351127, -2.9581502159971014]], [[0.9146464704229187, 2.8556218924240078]], [[-3.466320446754081, 0.5995202166151912]], [[-3.4003248670019195, 2.7858891006353126]], [[4.939600457501249, -5.0]], [[-3.704795986593087, 5.0]], [[-2.174663212887711, 5.0]], [[-4.673072697716037, 5.0]], [[-5.0, -5.0]], [[-1.9811652343087798, 1.1091483220771154]]]"
4,"[-0.8954729997156313, -1.5449695473811949]",[-46.38609691],[0.76390309],"[array([-1.91455992, -4.98815563]), array([ 0.33929176, -0.23172301]), array([1.72805769, 1.21545049]), array([4.25845419, 5.        ]), array([ 3.67451077, -4.42798368]), array([-0.30555602,  3.06214271])]",1577419799.743685,4,0.8791082193235777,7.396689757891699,[-0.3306 -0.801 ],-47.15,"[[[-1.914559922632019, -4.988155627199505], [0.33929175565046044, -0.23172300503725296], [1.7280576903241163, 1.215450493571329], [4.258454191715321, 5.0], [3.674510773763021, -4.427983678272768], [-0.30555602195397347, 3.0621427091992928]], [[-4.6463103302110635, 0.2892860589663515]], [[-4.470417093640781, 4.754619737814782]], [[1.9850991243867275, -4.565736752328263]], [[-3.6203535159586635, -1.2421751437987025]], [[1.124493317189809, 0.6875403234193475]], [[-2.4308725717775492, -2.3583689231482543]], [[-4.112302176169047, 3.9482755950444477]], [[-4.324697140840539, -0.2430846402327383]], [[-4.550589197448886, -4.62934861745526]], [[-2.3564785294707735, -1.6795432400951322]], [[-4.036088706657587, 0.072956395370111]], [[1.3916147938412844, 5.0]], [[-0.55130854514955, -3.808160406712682]], [[-0.8954729997156313, -1.5449695473811949]], [[3.1058570277203876, 4.163566206886719]], [[-1.5602158812274094, 0.5136871092700999]], [[-1.7095248275407031, -2.3605705486443846]], [[0.5493127773698019, -5.0]], [[0.6763371635674971, 3.3381054255687097]], [[3.0110722759184707, -4.149789100610435]], [[2.496970274062315, -1.103947323641592]], [[1.29168240235181, 3.9012276330199276]], [[-0.4097953137843273, 3.7731883426225536]], [[-2.8650991305639533, 5.0]], [[2.188404606888051, 4.693088609302482]], [[-1.1508017417829348, -5.0]]]"
5,"[1.5818318431515832, -2.759475962923782]",[42.39657404],[4.87657404],"[array([-1.91455992, -4.98815563]), array([ 0.33929176, -0.23172301]), array([1.72805769, 1.21545049]), array([4.25845419, 5.        ]), array([ 3.67451077, -4.42798368]), array([-0.30555602,  3.06214271])]",1628816243.2184627,5,2.7292275371799315,7.190075025213262,[ 2.49   -1.9692],37.52,"[[[-1.914559922632019, -4.988155627199505], [0.33929175565046044, -0.23172300503725296], [1.7280576903241163, 1.215450493571329], [4.258454191715321, 5.0], [3.674510773763021, -4.427983678272768], [-0.30555602195397347, 3.0621427091992928]], [[5.0, 0.3661378692830968]], [[1.073681739101355, -4.566789853766133]], [[0.019343390077501105, 2.0502359663402547]], [[-5.0, 4.611331950044315]], [[3.2232123043048873, 5.0]], [[-0.5079592104666747, -5.0]], [[1.077477194339094, 5.0]], [[-2.1466187495906204, 5.0]], [[2.428289261783378, -5.0]], [[1.5818318431515832, -2.759475962923782]], [[0.8456784706681155, 2.828316875340267]], [[3.3919819972589433, 0.3896233614532978]], [[-2.6983111517813363, 5.0]], [[3.918258707554776, 3.1461542920783674]], [[2.1571377365815962, 2.869696801240355]], [[0.07892603353701055, -0.34977189954949495]], [[0.1940153890660536, 0.25214899924914047]], [[-1.3342489372412998, 5.0]], [[-0.5327108080031753, -0.8185007693668531]], [[-4.323878703211874, -3.309499466159153]], [[-3.173134724832661, 0.6251415825717671]], [[-1.108430197365098, 0.048798271846900984]], [[-0.20534369760404036, -1.3927638432916845]], [[2.740621580547343, -0.9198937006334843]], [[2.371501460649752, -2.6494984176326892]], [[1.5605988902315497, 0.1492597859102543]]]"
6,"[-2.4802747366829916, 1.728868237932448]",[-421.36272393],[4.38727607],"[array([-1.91455992, -4.98815563]), array([ 0.33929176, -0.23172301]), array([1.72805769, 1.21545049]), array([4.25845419, 5.        ]), array([ 3.67451077, -4.42798368]), array([-0.30555602,  3.06214271])]",8149686319.108922,6,1.0354965883809497,8.853867202197593,[-1.3248  2.8794],-425.75,"[[[-1.914559922632019, -4.988155627199505], [0.33929175565046044, -0.23172300503725296], [1.7280576903241163, 1.215450493571329], [4.258454191715321, 5.0], [3.674510773763021, -4.427983678272768], [-0.30555602195397347, 3.0621427091992928]], [[-1.15421759030122, -3.1510376485114184]], [[-3.4666008937198445, 2.902021844837562]], [[-2.9310548826554883, 1.6585038902251963]], [[0.9357674668144877, 0.6433290634066493]], [[-5.0, 4.450104676144533]], [[-3.1763259691409007, -0.35300099934585233]], [[-4.448767529482279, 5.0]], [[-4.03032876800887, 5.0]], [[-4.622437707091729, -5.0]], [[-1.7643698008403512, 5.0]], [[-0.8397470428139583, 5.0]], [[-2.3373783162773636, 5.0]], [[-0.3735081484895265, -5.0]], [[-3.1593415515398897, 5.0]], [[-0.09776531980273942, 5.0]], [[-1.3316670468638108, 5.0]], [[2.4025614574506777, -5.0]], [[-2.140745756766936, 4.025963691348351]], [[1.2259916066469807, -5.0]], [[-2.62294222043309, -4.786996173545227]], [[-3.668818740650596, 5.0]], [[-1.6043738818032474, 1.953926171338086]], [[-2.4802747366829916, 1.728868237932448]], [[-2.0128875575004437, 2.585813922200234]], [[-0.9847860810909279, 2.938894893882418]], [[4.1540339779022535, 4.503734300124817]]]"
7,"[-1.3300940495037066, -1.1847231413976491]",[-219.18603656],[1.71396344],"[array([-1.91455992, -4.98815563]), array([ 0.33929176, -0.23172301]), array([1.72805769, 1.21545049]), array([4.25845419, 5.        ]), array([ 3.67451077, -4.42798368]), array([-0.30555602,  3.06214271])]",1104923043.523026,7,0.39586460372220444,6.824226822179409,[-0.0522 -0.2904],-220.9,"[[[-1.914559922632019, -4.988155627199505], [0.33929175565046044, -0.23172300503725296], [1.7280576903241163, 1.215450493571329], [4.258454191715321, 5.0], [3.674510773763021, -4.427983678272768], [-0.30555602195397347, 3.0621427091992928]], [[-2.503076769661141, 3.41956722040743]], [[1.0491446763266254, 5.0]], [[-4.036592289016402, -4.648259217743421]], [[-3.08361744368555, -0.3061296018848552]], [[1.0082609079829987, 1.1764908117910533]], [[-2.1408900353233804, 3.2940326220753082]], [[1.429689405309327, -1.047487975521239]], [[-1.3300940495037066, -1.1847231413976491]], [[-5.0, 5.0]], [[-0.6637600608041457, -1.2772420746556241]], [[0.3418664354938734, 2.3634325073956255]], [[-5.0, -5.0]], [[3.6144234046949375, 5.0]], [[2.8103582730780277, -3.7945909254595236]], [[4.180001310452596, 1.659148285023095]], [[-2.8602938033303262, 4.843360230228505]], [[3.2459198848515474, 1.7088524786420392]], [[-4.342493286468189, 2.3120729727022944]], [[-0.473971122069913, -0.34999561763584097]], [[2.051783265061826, -2.4934362565388293]], [[-1.3704789208718573, 2.527271783141157]], [[-5.0, -2.977141750203401]], [[1.1897102329371247, 1.8276559550636606]], [[-1.314299804298149, 1.9431837932330351]], [[-2.1191499898361306, -0.5011841093892501]], [[-3.3959661366942964, 3.6775778768645804]]]"
8,"[-0.9447410543499839, 5.0]",[-348.40346007],[11.07653993],"[array([-1.91455992, -4.98815563]), array([ 0.33929176, -0.23172301]), array([1.72805769, 1.21545049]), array([4.25845419, 5.        ]), array([ 3.67451077, -4.42798368]), array([-0.30555602,  3.06214271])]",31328333400.144844,8,2.6980227467420304,10.35309032189569,[-2.9022 -2.4774],-359.48,"[[[-1.914559922632019, -4.988155627199505], [0.33929175565046044, -0.23172300503725296], [1.7280576903241163, 1.215450493571329], [4.258454191715321, 5.0], [3.674510773763021, -4.427983678272768], [-0.30555602195397347, 3.0621427091992928]], [[0.4874703770101632, -0.24121858318360123]], [[-3.58573478568907, 3.265381222474852]], [[4.759922258835299, 2.614941542810324]], [[-2.2507489840532897, 5.0]], [[-5.0, -5.0]], [[-5.0, 5.0]], [[-2.658268951803734, 1.5574765873369916]], [[-1.0027304221093998, 0.661087806688896]], [[-3.7153365120748325, -5.0]], [[-0.9447410543499839, 5.0]], [[-3.1347744128930835, -5.0]], [[-0.360333831232551, -1.3316843378093624]], [[-2.94179539379038, 0.9153580427074974]], [[0.42484467566735606, 0.569619677054364]], [[0.13636282475178785, 4.758034150105553]], [[-4.343051519289383, 2.8117063214126747]], [[-2.2872970847847096, 4.734846446799171]], [[-2.55571846289417, 3.4165629187874362]], [[-0.03309225672185434, -3.432423415425557]], [[-3.5768549586350296, 0.43809616701037424]], [[4.5143314602673605, -0.6676344217212149]], [[1.5456022766045843, -4.833007419832457]], [[-1.4771258876111593, 3.308872635691108]], [[2.9449775219574725, -4.452128345681791]], [[-2.0121752776790434, 4.216730326929285]], [[-4.835610652558664, -0.5596132319165951]]]"
9,"[1.7280576903241163, 1.215450493571329]",[31.41176023],[3.93176023],"[array([-1.91455992, -4.98815563]), array([ 0.33929176, -0.23172301]), array([1.72805769, 1.21545049]), array([4.25845419, 5.        ]), array([ 3.67451077, -4.42798368]), array([-0.30555602,  3.06214271])]",3373437816.6077995,9,1.2124474049534453,8.358484280695356,[2.6274 2.0286],27.48,"[[[-1.914559922632019, -4.988155627199505], [0.33929175565046044, -0.23172300503725296], [1.7280576903241163, 1.215450493571329], [4.258454191715321, 5.0], [3.674510773763021, -4.427983678272768], [-0.30555602195397347, 3.0621427091992928]], [[1.426953344802001, 0.7541116288115363]], [[0.7426545782995323, 5.0]], [[-4.847890069412433, 1.0655691023114593]], [[-0.8108259147497296, -4.1342535804551535]], [[-3.3986724017569245, 1.4975970715655724]], [[2.589968455604488, 5.0]], [[1.4278982344688145, -5.0]], [[5.0, 0.5579342892327963]], [[4.045836345466854, 2.714153628423321]], [[5.0, 1.3184795982241133]], [[-1.4088086548939707, -1.9506578990381138]], [[4.252953521496103, -0.6938236518441148]], [[0.05502439893876313, 5.0]], [[2.0616513187058096, 5.0]], [[1.3820205926882507, 5.0]], [[-0.870260488391049, 5.0]], [[-1.8205040422619603, 5.0]], [[2.5210821240714454, 0.2760312859908835]], [[-1.9784403629755354, 4.345121375030795]], [[3.2444040499611058, 5.0]], [[-1.9047234243170363, 4.257519097386931]], [[0.683013267562249, 2.5872321390811375]], [[-0.7630743706986869, 1.921583166650356]], [[0.5156360887913829, -0.8768802040819574]], [[0.3966944984023968, 4.8969190961605005]], [[-0.03819377646950088, 3.115253740182654]]]"
10,"[0.817194178637005, 2.2917993739366533]",[36.88554794],[0.79554794],"[array([-1.91455992, -4.98815563]), array([ 0.33929176, -0.23172301]), array([1.72805769, 1.21545049]), array([4.25845419, 5.        ]), array([ 3.67451077, -4.42798368]), array([-0.30555602,  3.06214271])]",701009215.4032425,10,1.2401343493439791,7.025739856231307,[0.5466 1.5924],36.09,"[[[-1.914559922632019, -4.988155627199505], [0.33929175565046044, -0.23172300503725296], [1.7280576903241163, 1.215450493571329], [4.258454191715321, 5.0], [3.674510773763021, -4.427983678272768], [-0.30555602195397347, 3.0621427091992928]], [[0.2983606928438317, -0.2898822514581711]], [[1.4932609853621734, 5.0]], [[-1.8889900073460846, 5.0]], [[-3.054213956224701, 5.0]], [[-4.457117959691323, 5.0]], [[1.213084703541962, -5.0]], [[-2.5992927112123208, 1.9260994956812145]], [[-0.9258383231127737, 0.1053789258298744]], [[1.220292026042774, 2.7288608141028123]], [[-2.5644910748724454, 0.1684555043250467]], [[0.7829453333687468, -4.628146248208588]], [[-2.5688739668330265, 5.0]], [[-1.3923137978227804, 5.0]], [[0.8693323753961198, 5.0]], [[-0.7007105854047595, -5.0]], [[-1.4456266920978489, 0.9247473046159654]], [[-3.648884723288663, -5.0]], [[-0.4628260657826393, 0.25113447993037086]], [[0.2784055492968866, 2.060707509295968]], [[-2.0178389762965288, 2.3226657751607402]], [[-1.6764359860653093, 2.3539939083740067]], [[-5.0, -5.0]], [[-3.7223232574480565, 5.0]], [[2.220840372282853, 5.0]], [[0.817194178637005, 2.2917993739366533]], [[0.9303186273664933, 1.8341605869504574]]]"
11,"[2.755371140928701, 3.4185158558681428]",[-52.7925215],[5.1174785],"[array([-1.91455992, -4.98815563]), array([ 0.33929176, -0.23172301]), array([1.72805769, 1.21545049]), array([4.25845419, 5.        ]), array([ 3.67451077, -4.42798368]), array([-0.30555602,  3.06214271])]",2515078959.1885867,11,1.653715098259798,8.836564700407731,[2.3754 2.7372],-57.91,"[[[-1.914559922632019, -4.988155627199505], [0.33929175565046044, -0.23172300503725296], [1.7280576903241163, 1.215450493571329], [4.258454191715321, 5.0], [3.674510773763021, -4.427983678272768], [-0.30555602195397347, 3.0621427091992928]], [[-3.15924281197127, -2.7277750829256897]], [[0.274899923914667, 0.3636951281283718]], [[5.0, 5.0]], [[1.4928847323822072, 5.0]], [[-5.0, -4.28133004810397]], [[2.0734225419134127, 5.0]], [[4.698206621276611, -4.164484873011726]], [[1.0085666924040015, 1.6265106790004351]], [[5.0, -1.7374616871572612]], [[-2.6431564974908217, -4.1773550590341415]], [[-2.0837015154553633, 5.0]], [[1.9593115175096933, -5.0]], [[-0.9740290042780777, 5.0]], [[3.348498286094113, 5.0]], [[-0.016836886125414462, 5.0]], [[2.755371140928701, 3.4185158558681428]], [[1.8930511685896454, 2.675174702950013]], [[-1.9958438436627386, 4.979757443664534]], [[3.9561674456841907, -3.9195460391997883]], [[-4.0278752500234, 5.0]], [[0.9560526117190697, -1.1458178370702408]], [[-3.7534108212597737, 3.121771776150881]], [[0.9572136143093282, -2.9346796118658514]], [[-1.7948127897064725, 3.2696110060414547]], [[0.7876528845593816, 3.3541238794389607]], [[-1.3223269609270325, 5.0]]]"
12,"[-5.0, 5.0]",[-247.17815171],[87.73184829],"[array([-1.91455992, -4.98815563]), array([ 0.33929176, -0.23172301]), array([1.72805769, 1.21545049]), array([4.25845419, 5.        ]), array([ 3.67451077, -4.42798368]), array([-0.30555602,  3.06214271])]",9732754762.565586,12,2.0217509965962965,7.926339405250162,[-1.6824 -0.2472],-334.91,"[[[-1.914559922632019, -4.988155627199505], [0.33929175565046044, -0.23172300503725296], [1.7280576903241163, 1.215450493571329], [4.258454191715321, 5.0], [3.674510773763021, -4.427983678272768], [-0.30555602195397347, 3.0621427091992928]], [[-1.7786751972313046, 5.0]], [[-3.4322727414908942, -5.0]], [[-0.986772379211525, -5.0]], [[-2.7864224270628024, 5.0]], [[-2.7370642860204617, -5.0]], [[-2.3466446373793137, -5.0]], [[4.027392500247712, 4.088296501811847]], [[2.3882825723130083, -2.029507659326504]], [[-1.2190046625824458, -2.9519582285884036]], [[-3.7674266485848285, -5.0]], [[-0.023608332191411105, 2.7250417186979115]], [[-0.2002310689781224, -5.0]], [[0.16747480515015034, 5.0]], [[-3.1083738449063936, -3.157262464395818]], [[-4.0983127578498015, -4.740767133308587]], [[4.714507534816107, 2.6662921999640297]], [[-0.6294529181880482, 1.2333667836913365]], [[-3.570589474949782, 1.439530516755747]], [[-5.0, 1.2751447314409865]], [[-4.228169512906002, -0.4258078745282583]], [[-5.0, 5.0]], [[2.939240930143166, 2.2135331613318296]], [[1.090486523225006, 2.35249777113637]], [[1.34139665718724, 2.2662494129709074]], [[0.60916060468755, 0.8065610459979666]], [[-4.728170372935896, -4.570598515560863]]]"
13,"[-0.4060904380672546, 0.08808303578538573]",[-46.0332451],[0.6667549],"[array([-1.91455992, -4.98815563]), array([ 0.33929176, -0.23172301]), array([1.72805769, 1.21545049]), array([4.25845419, 5.        ]), array([ 3.67451077, -4.42798368]), array([-0.30555602,  3.06214271])]",811219166.029877,13,1.2836140939747949,6.441445063473974,[0.324  1.0518],-46.7,"[[[-1.914559922632019, -4.988155627199505], [0.33929175565046044, -0.23172300503725296], [1.7280576903241163, 1.215450493571329], [4.258454191715321, 5.0], [3.674510773763021, -4.427983678272768], [-0.30555602195397347, 3.0621427091992928]], [[1.5204224910347057, 1.2126130932668406]], [[-1.728537470165923, -0.3027173919371365]], [[-5.0, -5.0]], [[-0.9020228741454103, -2.27033654601469]], [[-1.6819437041676075, 5.0]], [[1.8686510599923505, 5.0]], [[-1.2026099833668342, 1.002009607421019]], [[-2.87565166752714, 5.0]], [[-2.448585739427086, 3.3123752285115753]], [[-0.4060904380672546, 0.08808303578538573]], [[-2.6009338175310543, 5.0]], [[1.5458409192765812, 5.0]], [[-2.888460572171783, 3.009542299958894]], [[0.31838968073515106, -5.0]], [[1.3938027835536981, -5.0]], [[-3.0884826127944205, 5.0]], [[0.8417431646943137, 3.4726640600099574]], [[-2.0603760283693173, 1.9516915722203445]], [[-0.5719311425615512, 1.5611149392426253]], [[-5.0, 0.9296347139109246]], [[-1.513874577815624, 0.767261683501858]], [[-3.321745976934032, -0.13913432317827912]], [[2.0214790512812026, -2.6731569798794763]], [[1.289638463515704, -1.1783717193732408]], [[-0.30252237824031614, -1.154718002337539]], [[-2.506017019317812, 3.948548363334514]]]"
14,"[-0.3791956487059811, 0.5711672087633455]",[-91.36455402],[1.71544598],"[array([-1.91455992, -4.98815563]), array([ 0.33929176, -0.23172301]), array([1.72805769, 1.21545049]), array([4.25845419, 5.        ]), array([ 3.67451077, -4.42798368]), array([-0.30555602,  3.06214271])]",4807974549.426152,14,2.2334518728786845,8.752872273159756,[-1.2438 -1.8072],-93.08,"[[[-1.914559922632019, -4.988155627199505], [0.33929175565046044, -0.23172300503725296], [1.7280576903241163, 1.215450493571329], [4.258454191715321, 5.0], [3.674510773763021, -4.427983678272768], [-0.30555602195397347, 3.0621427091992928]], [[2.4604759347705247, 0.6270681491269984]], [[0.011428022211526292, 3.0942030732512134]], [[-3.063757907411221, 1.6888417851501827]], [[-2.550887798289068, -0.6213585742519021]], [[-0.9207877493146047, -1.8438042422655465]], [[-5.0, -5.0]], [[0.748297687511319, 5.0]], [[-3.650645172591436, -5.0]], [[-5.0, 5.0]], [[-0.3791956487059811, 0.5711672087633455]], [[-4.361113842377447, 5.0]], [[2.5230239780597827, -4.729915492903504]], [[-0.540323989944031, -5.0]], [[-1.6642282466653433, -0.671709922062785]], [[-2.9055062749638334, -5.0]], [[-4.746130501425368, 5.0]], [[3.4630298836135616, 2.469016903398586]], [[0.2672802708460694, 5.0]], [[-1.5461546983063705, 1.156590199891362]], [[4.974392998080798, -3.736335265428883]], [[-4.302966848307479, -1.6747253372722046]], [[-3.552250272995367, -1.0636054653669607]], [[-5.0, 2.9955610337928715]], [[-3.3167042160494593, -3.1981901898530736]], [[-3.5712931687838423, -2.9196471416846093]], [[-3.3780807478183847, 2.382445886522067]]]"
15,"[1.126370351235444, -2.022330465677715]",[44.56782869],[2.88782869],"[array([-1.91455992, -4.98815563]), array([ 0.33929176, -0.23172301]), array([1.72805769, 1.21545049]), array([4.25845419, 5.        ]), array([ 3.67451077, -4.42798368]), array([-0.30555602,  3.06214271])]",533222164.51680493,15,1.7641400053394172,6.9074544848110415,[ 1.6608 -1.4004],41.68,"[[[-1.914559922632019, -4.988155627199505], [0.33929175565046044, -0.23172300503725296], [1.7280576903241163, 1.215450493571329], [4.258454191715321, 5.0], [3.674510773763021, -4.427983678272768], [-0.30555602195397347, 3.0621427091992928]], [[1.5455038866290498, 1.2129687988831015]], [[4.917604879606986, 0.33435016771872067]], [[-0.16938715231193596, 4.844983603464541]], [[-0.9836992752055612, -0.3953005126263554]], [[5.0, 1.3720333683037904]], [[-3.4035093718277296, 5.0]], [[2.9498919399811117, 5.0]], [[1.5367365944324383, -2.161893469733386]], [[-1.538931352384383, 1.905675152004957]], [[0.5523607320990686, -5.0]], [[-5.0, -2.152416747390152]], [[-1.9219582569788882, 5.0]], [[3.2568302881907707, 3.4796049512325844]], [[1.7673380725563215, -5.0]], [[-0.7053692935783648, -5.0]], [[0.48202973647148123, -2.905650395231297]], [[1.0588309681864838, -1.9517179907489837]], [[-0.4849468583710052, -1.8793574978963326]], [[2.648644674363993, 0.3620074176778501]], [[1.5873912718514505, 5.0]], [[-2.088519847816453, 4.2598333385459]], [[-1.1629539145453305, -1.8351878275269797]], [[-1.4809705114599445, 3.1006794876892614]], [[-0.434347940053688, -3.473641330521975]], [[1.126370351235444, -2.022330465677715]], [[-1.9857325886890018, 3.1862338749875967]]]"
16,"[-2.7189000369666503, -1.4397062343660452]",[-202.84711893],[86.51288107],"[array([-1.91455992, -4.98815563]), array([ 0.33929176, -0.23172301]), array([1.72805769, 1.21545049]), array([4.25845419, 5.        ]), array([ 3.67451077, -4.42798368]), array([-0.30555602,  3.06214271])]",9116793840.253206,16,2.070976953311085,7.4113920047805,[-1.6086  0.4716],-289.36,"[[[-1.914559922632019, -4.988155627199505], [0.33929175565046044, -0.23172300503725296], [1.7280576903241163, 1.215450493571329], [4.258454191715321, 5.0], [3.674510773763021, -4.427983678272768], [-0.30555602195397347, 3.0621427091992928]], [[0.14714044828708234, -0.21271941212632853]], [[-1.874747171980368, 3.297534981749597]], [[-1.1146660906749835, -5.0]], [[-3.2155338828165583, 5.0]], [[-2.6400426686571774, 5.0]], [[-4.77043828144029, -5.0]], [[-3.98373764393321, -5.0]], [[-4.214199662815095, 5.0]], [[-0.7089526161062645, -2.164282965496401]], [[-0.3958711466441442, -5.0]], [[1.182724383351078, 5.0]], [[5.0, -5.0]], [[-1.19535245294091, 3.171377577412088]], [[0.9030758258242509, -3.4557678411338513]], [[-0.22462861569512088, 4.216868633258569]], [[-3.6683596404634122, -3.241115155825893]], [[-2.7189000369666503, -1.4397062343660452]], [[-5.0, 3.79130997378655]], [[-2.582800899642584, 1.688743971433846]], [[-0.7342916514461684, 1.758799788493014]], [[-0.9369496515254927, -1.1812272379847708]], [[-2.393777680943156, -2.3748364462121994]], [[3.4079590874480203, -2.1555775537785884]], [[-5.0, 0.03031168331702443]], [[-2.2523544844015317, -3.9872072649448005]], [[-5.0, -1.4758521170849057]]]"
17,"[-1.6301086197295083, 0.9190960302919036]",[187.70045536],[0.83045536],"[array([-1.91455992, -4.98815563]), array([ 0.33929176, -0.23172301]), array([1.72805769, 1.21545049]), array([4.25845419, 5.        ]), array([ 3.67451077, -4.42798368]), array([-0.30555602,  3.06214271])]",16172032716.213957,17,2.4971953074622526,8.34244247663342,[-2.1558 -0.3342],186.87,"[[[-1.914559922632019, -4.988155627199505], [0.33929175565046044, -0.23172300503725296], [1.7280576903241163, 1.215450493571329], [4.258454191715321, 5.0], [3.674510773763021, -4.427983678272768], [-0.30555602195397347, 3.0621427091992928]], [[-1.2089799548184879, 5.0]], [[-3.5252246080272416, -1.751461400869469]], [[0.9374318942325193, 3.6165458963024157]], [[-5.0, -4.938796387960142]], [[-2.8716489351422365, -2.261968871321607]], [[-4.401747257792306, -3.9351152211104266]], [[-4.795905268784115, -3.218399221397351]], [[0.8070079136242834, 0.0855087775401353]], [[-5.0, 5.0]], [[-2.7514372947033423, 0.45938093879500047]], [[0.3198887462706148, 4.40430736201901]], [[-3.854506804319983, 1.5492961405524615]], [[3.65181497098202, -4.68660842442628]], [[2.0563612044729638, -1.3019153110854953]], [[-4.59953007927138, 1.7442317663127347]], [[-0.7857224128850718, -0.07320651942224579]], [[1.8170629391748525, -4.565409402285763]], [[-2.1075837753334423, 3.8232541464799676]], [[1.0580467964841578, 3.159637354064845]], [[-4.142376162423443, 1.5820191344314605]], [[-1.6301086197295083, 0.9190960302919036]], [[-4.705055871777192, -0.18176974135006496]], [[-0.11756100217123516, -3.8574850073879015]], [[-1.2126918253394432, -2.004377133954054]], [[2.0487777973992136, 2.6323951890368864]], [[-3.6987006348219293, 5.0]]]"
18,"[-1.0529791976472236, 1.5118282560705523]",[-645.75107525],[2.00892475],"[array([-1.91455992, -4.98815563]), array([ 0.33929176, -0.23172301]), array([1.72805769, 1.21545049]), array([4.25845419, 5.        ]), array([ 3.67451077, -4.42798368]), array([-0.30555602,  3.06214271])]",17225385726.969307,18,2.0626027643203213,10.384364273631776,[-2.3862 -2.9802],-647.76,"[[[-1.914559922632019, -4.988155627199505], [0.33929175565046044, -0.23172300503725296], [1.7280576903241163, 1.215450493571329], [4.258454191715321, 5.0], [3.674510773763021, -4.427983678272768], [-0.30555602195397347, 3.0621427091992928]], [[-1.5417350054070273, 5.0]], [[-3.748931087508848, -5.0]], [[-5.0, -5.0]], [[-1.0135477340388066, -5.0]], [[-2.9035955319505797, -5.0]], [[-4.61139067488162, 5.0]], [[-0.5991883017369617, 5.0]], [[-2.477985892190133, 5.0]], [[-4.488173552308989, -5.0]], [[-5.0, -0.18512784178854066]], [[-2.447857383687828, -2.4067918557177443]], [[4.666141538211367, 4.145922706074179]], [[-3.8840473863968623, -2.916854935026821]], [[-0.20352225599328963, -5.0]], [[-4.815915256202979, -1.9685761295825321]], [[-3.357941982023486, -3.3553107775410527]], [[0.81098364059732, 5.0]], [[-1.8827477059758162, -1.5848965730984006]], [[-0.3904462988015891, 2.27467618119126]], [[-2.0902731292831342, -1.2142854735319841]], [[0.682594354227203, -3.086773648238622]], [[-0.2752776251225981, 2.9258364478247625]], [[-3.5651045977094764, -0.5002137443315053]], [[-1.0529791976472236, 1.5118282560705523]], [[-0.553752970439505, 3.026049202897381]], [[-2.9470319757738794, -0.3155463015489848]]]"
19,"[2.4123880168369682, 5.0]",[5.23731649],[6.71731649],"[array([-1.91455992, -4.98815563]), array([ 0.33929176, -0.23172301]), array([1.72805769, 1.21545049]), array([4.25845419, 5.        ]), array([ 3.67451077, -4.42798368]), array([-0.30555602,  3.06214271])]",610086833.3722749,19,0.48038748646859997,7.274688518756549,[1.3506 1.5126],-1.48,"[[[-1.914559922632019, -4.988155627199505], [0.33929175565046044, -0.23172300503725296], [1.7280576903241163, 1.215450493571329], [4.258454191715321, 5.0], [3.674510773763021, -4.427983678272768], [-0.30555602195397347, 3.0621427091992928]], [[-4.041300917683154, -0.5137993561866363]], [[1.2028123413462575, 5.0]], [[0.7440355271744779, 2.2361852349462414]], [[1.1235377748265962, -5.0]], [[2.4123880168369682, 5.0]], [[1.8060081471508607, 3.236661597785662]], [[-0.02254589179404644, 0.8851804981945511]], [[1.1826200058027767, 0.8408594790821592]], [[-1.441160428065027, 3.656944006195266]], [[1.1481324740450667, 4.481163753279713]], [[-2.8417900606471225, -0.7990719386584741]], [[3.4410899804412445, 3.755878507090191]], [[4.156380216816892, 4.689510690436608]], [[-0.23749381479511644, -4.3230861790183175]], [[-0.5677767436785572, 0.898358475089359]], [[-2.7486961035920956, -4.827776590961984]], [[4.64383960526113, -2.5884654937403906]], [[2.8651511836713786, 4.543778503404587]], [[-2.311521974797656, 5.0]], [[-1.657962686120027, 3.4978654851193465]], [[-1.308488724600312, -1.0290934676536305]], [[-3.43631305466027, 5.0]], [[-0.9758338807462229, -3.371749433254966]], [[3.5378866632113697, -1.5056851340138095]], [[-5.0, -3.847595439963239]], [[2.5609008389261367, -0.48425701037297664]]]"
20,"[-0.30555602195397347, 3.0621427091992928]",[76.03041709],[89.25041709],"[array([-1.91455992, -4.98815563]), array([ 0.33929176, -0.23172301]), array([1.72805769, 1.21545049]), array([4.25845419, 5.        ]), array([ 3.67451077, -4.42798368]), array([-0.30555602,  3.06214271])]",10071747646.705305,20,2.407648288035556,8.755268452988433,[-1.8156 -1.3056],-13.22,"[[[-1.914559922632019, -4.988155627199505], [0.33929175565046044, -0.23172300503725296], [1.7280576903241163, 1.215450493571329], [4.258454191715321, 5.0], [3.674510773763021, -4.427983678272768], [-0.30555602195397347, 3.0621427091992928]], [[-1.4791266821400253, 0.46491271199244455]], [[-4.807393755769231, -1.8711365032245442]], [[-3.8464562856175597, -2.838990532093217]], [[-4.345145281506737, 5.0]], [[-2.958268771388933, 5.0]], [[-0.8120959776482177, -5.0]], [[-1.7407301151773773, 5.0]], [[-3.4052405339748075, -5.0]], [[-4.446480416902114, -5.0]], [[-1.5353339803618782, -5.0]], [[3.0165088149604524, 1.4583161297058131]], [[5.0, -5.0]], [[2.3321992535124396, -0.24179610053627973]], [[1.1251654266622553, -2.665568803069208]], [[-2.3675125571247926, -5.0]], [[-1.1628157610602052, 5.0]], [[-0.4120098175231765, -5.0]], [[-0.5313252203005716, 5.0]], [[-2.172060487427761, -5.0]], [[0.09721447543499252, 5.0]], [[1.9851230754213158, -5.0]], [[-3.6708544549364936, 5.0]], [[-4.1102706842450605, -5.0]], [[1.1124718359362191, 1.7426550586326943]], [[-0.10835346429380477, -3.155777046117716]], [[-2.6389325864256827, 5.0]]]"
21,"[2.6224321543352636, 1.4802802896741358]",[-43.7052423],[0.9347577],"[array([-1.91455992, -4.98815563]), array([ 0.33929176, -0.23172301]), array([1.72805769, 1.21545049]), array([4.25845419, 5.        ]), array([ 3.67451077, -4.42798368]), array([-0.30555602,  3.06214271])]",524051718.47720283,21,1.729919384878212,6.837560300210505,[ 1.6752 -1.3308],-44.64,"[[[-1.914559922632019, -4.988155627199505], [0.33929175565046044, -0.23172300503725296], [1.7280576903241163, 1.215450493571329], [4.258454191715321, 5.0], [3.674510773763021, -4.427983678272768], [-0.30555602195397347, 3.0621427091992928]], [[-0.059385581367031884, 3.0652791204318777]], [[3.071945752984585, -0.2318107916909602]], [[-5.0, -0.19400850528259575]], [[3.020084807308142, 5.0]], [[-0.27550414053961053, -5.0]], [[-0.5369820238416922, -1.220386962414855]], [[1.79733433318191, -2.0439703344829256]], [[2.6224321543352636, 1.4802802896741358]], [[-0.21735704602443603, -1.6310182170706498]], [[-0.4754115627158515, -0.4837393856031647]], [[2.7267818122090053, 4.567621924614816]], [[1.2024055806861247, -3.7785537965173184]], [[-1.7593763630158938, 5.0]], [[1.7675795213288725, -3.8475215768783]], [[-1.2873266741921654, 5.0]], [[5.0, 1.726140298662352]], [[-1.6710260387040399, 2.484013144007923]], [[1.160361073617871, -1.7436600151504273]], [[2.808835894177665, 1.384958625988251]], [[1.367154203148991, 5.0]], [[2.186043414229623, 0.5150188982698302]], [[-1.6134216164669017, 3.597983288844999]], [[3.384772302776342, 5.0]], [[0.18098908704871494, -2.380934430102715]], [[-0.5074484278453701, -3.1261371219860936]], [[-1.2520639237793654, 1.2791051701216725]]]"
22,"[-4.2089547564188745, -1.1648333933144928]",[-168.35452408],[4.74547592],"[array([-1.91455992, -4.98815563]), array([ 0.33929176, -0.23172301]), array([1.72805769, 1.21545049]), array([4.25845419, 5.        ]), array([ 3.67451077, -4.42798368]), array([-0.30555602,  3.06214271])]",37440450615.53561,22,3.275039233202082,9.002389573315684,[-2.9304 -0.4188],-173.1,"[[[-1.914559922632019, -4.988155627199505], [0.33929175565046044, -0.23172300503725296], [1.7280576903241163, 1.215450493571329], [4.258454191715321, 5.0], [3.674510773763021, -4.427983678272768], [-0.30555602195397347, 3.0621427091992928]], [[-0.2382639606360124, -3.437524155575958]], [[1.927304772213835, 1.1285739684482077]], [[-5.0, 5.0]], [[-3.035078926110274, 5.0]], [[-5.0, -5.0]], [[-1.8330579839894767, 2.187453963311939]], [[-4.2089547564188745, -1.1648333933144928]], [[-4.080228165811023, -5.0]], [[1.0833297702005869, 4.618501842592474]], [[-1.4068812854007005, 2.4313001183569973]], [[-2.571893575321377, -0.8289767743690846]], [[0.6865319062267012, -3.7783914968094496]], [[-3.8181256173092826, -3.8359622093399004]], [[-4.698769759329812, -5.0]], [[-2.1968255429157466, -1.2649382506261952]], [[2.6759193157266727, 4.457767195046756]], [[-3.4120027689413477, 5.0]], [[-3.5660833303550787, -3.6182765918564836]], [[-3.327631378455819, -0.07828804092860338]], [[-0.05401020893776298, 3.600464757854816]], [[-3.0040692926338735, -2.7443155349469683]], [[-5.0, 2.1626770184236808]], [[-0.5629755668514791, 1.9965192310678603]], [[-2.3666322294586966, 0.2156071303764077]], [[2.826345529611749, 0.8020766512944206]], [[0.917898476393364, 0.9072479869878762]]]"
23,"[2.9354561249153313, 3.1797097766052613]",[30.4853944],[0.5853944],"[array([-1.91455992, -4.98815563]), array([ 0.33929176, -0.23172301]), array([1.72805769, 1.21545049]), array([4.25845419, 5.        ]), array([ 3.67451077, -4.42798368]), array([-0.30555602,  3.06214271])]",1570858979.8504443,23,0.46856192306799227,7.302139097753946,[2.1714 1.0638],29.9,"[[[-1.914559922632019, -4.988155627199505], [0.33929175565046044, -0.23172300503725296], [1.7280576903241163, 1.215450493571329], [4.258454191715321, 5.0], [3.674510773763021, -4.427983678272768], [-0.30555602195397347, 3.0621427091992928]], [[3.1828472150624787, -0.14079131543372014]], [[4.163305501997929, -3.4320630349532957]], [[0.5210210560757219, -0.22864674834807444]], [[-3.4923034221212577, 4.8390360636955565]], [[4.611369384624306, 1.3446468904476558]], [[-0.9483353217569183, 1.702935442062807]], [[1.4492921466789777, -5.0]], [[3.335081556295557, 5.0]], [[2.0012650332099713, -0.1556399025963712]], [[-0.08684513598489385, 1.6153715281108687]], [[2.7235039830184946, 2.2928959621276044]], [[2.115492281513431, 3.447425834819761]], [[-5.0, -2.2605126082773306]], [[-2.580622308250578, 0.48747055365550684]], [[-5.0, -0.45036869371639066]], [[5.0, 0.38064998808857836]], [[1.352849583591034, -2.9970354141018385]], [[0.05735974944292807, 5.0]], [[2.211550629647769, -1.8493918221238348]], [[3.5870755066994042, 3.92537930765234]], [[0.44449317421383133, 3.8499156922916145]], [[-1.1644386834840292, 5.0]], [[0.16926306644140005, -2.4452303629186507]], [[2.9354561249153313, 3.1797097766052613]], [[-3.6503582947967264, 4.147869677354594]], [[0.2069004789673912, -3.894996127806642]]]"
24,"[2.0036392353862817, -1.1483263741112437]",[387.78232336],[3.48232336],"[array([-1.91455992, -4.98815563]), array([ 0.33929176, -0.23172301]), array([1.72805769, 1.21545049]), array([4.25845419, 5.        ]), array([ 3.67451077, -4.42798368]), array([-0.30555602,  3.06214271])]",1268782837.4828477,24,1.9989058861959403,6.365386027871826,[ 2.178  -1.0158],384.3,"[[[-1.914559922632019, -4.988155627199505], [0.33929175565046044, -0.23172300503725296], [1.7280576903241163, 1.215450493571329], [4.258454191715321, 5.0], [3.674510773763021, -4.427983678272768], [-0.30555602195397347, 3.0621427091992928]], [[2.489679301636687, 4.023083929314041]], [[-3.2401603457618644, -0.3458746666533647]], [[2.0036392353862817, -1.1483263741112437]], [[-3.5035291772680055, 1.1838492191376018]], [[1.9896516116157423, -1.0479774616410429]], [[4.877744943316769, 4.726590010361553]], [[-5.0, 0.5834471821727624]], [[4.481909545542209, 1.2178980644915467]], [[-1.225309031998427, 4.190053694454156]], [[0.060608058727334, -5.0]], [[-0.8561454128532303, 5.0]], [[-1.4601702432919037, -4.833777073938746]], [[0.850031006296961, -4.070239370689834]], [[0.6008868099270541, 3.6481317201759462]], [[-2.462443332517054, 3.5790038911600925]], [[-2.2973598962812547, -1.6487438389225106]], [[4.595973410687531, -4.442112279590624]], [[3.142264372062151, 4.086492978637395]], [[1.0403552020089935, 1.3046761944196525]], [[2.8545289281995125, -3.222016219561625]], [[-1.6035552401692985, 5.0]], [[3.233571739352695, -5.0]], [[-0.578093749471086, -4.555876186021983]], [[0.07017212873201281, 5.0]], [[1.3600255559637782, -5.0]], [[2.087507174278166, 5.0]]]"
25,"[0.21922175833102475, 2.030776479658968]",[177.19216288],[2.01216288],"[array([-1.91455992, -4.98815563]), array([ 0.33929176, -0.23172301]), array([1.72805769, 1.21545049]), array([4.25845419, 5.        ]), array([ 3.67451077, -4.42798368]), array([-0.30555602,  3.06214271])]",722089464.8294451,25,1.3510898019126953,8.402211704980228,[1.0332 2.88  ],175.18,"[[[-1.914559922632019, -4.988155627199505], [0.33929175565046044, -0.23172300503725296], [1.7280576903241163, 1.215450493571329], [4.258454191715321, 5.0], [3.674510773763021, -4.427983678272768], [-0.30555602195397347, 3.0621427091992928]], [[1.8671456712797685, -3.1110547836853106]], [[-0.0038614500069034108, 4.46085072908819]], [[2.9464419083353155, -0.8251877558773355]], [[0.2194069202891118, -2.5521673881257065]], [[-2.8859238071344553, 5.0]], [[1.4953505089308436, 5.0]], [[-4.907329331110084, 5.0]], [[2.4508550606577506, 5.0]], [[-1.9523481712030923, 5.0]], [[-1.5921684930240934, 3.416766851312596]], [[-1.7175192514689563, 4.597373437768798]], [[-2.7984893429527755, -4.198984192871585]], [[-0.7004935653010256, 2.3804051716726993]], [[0.21922175833102475, 2.030776479658968]], [[-4.17830912313356, -1.000083039737274]], [[2.4566038643307655, -3.0369718449308634]], [[-1.8567050250863604, 1.6068720343948346]], [[-3.357618427033927, 1.0273349750632557]], [[-0.20994623928776002, 1.618483965108331]], [[2.325354619315375, -3.5508247298873066]], [[-0.7775042551042555, -1.1677241491839019]], [[1.9187251583012834, 0.7310353056908623]], [[-1.969190544485351, 3.3026081633216853]], [[-2.7195514200105952, -3.2305831672155785]], [[4.197724091251464, -2.3983445793603386]], [[0.9920350123319382, 3.3049801380570325]]]"
26,"[1.0824578976080728, 1.221066019037767]",[-116.66698064],[1.90301936],"[array([-1.91455992, -4.98815563]), array([ 0.33929176, -0.23172301]), array([1.72805769, 1.21545049]), array([4.25845419, 5.        ]), array([ 3.67451077, -4.42798368]), array([-0.30555602,  3.06214271])]",762077978.4693855,26,1.8353375458007155,8.224274610748228,[-1.2000e-03 -2.0352e+00],-118.57,"[[[-1.914559922632019, -4.988155627199505], [0.33929175565046044, -0.23172300503725296], [1.7280576903241163, 1.215450493571329], [4.258454191715321, 5.0], [3.674510773763021, -4.427983678272768], [-0.30555602195397347, 3.0621427091992928]], [[3.5782818174496906, -0.09868763141917647]], [[-4.193131203151172, -3.4693523802607515]], [[-3.8941307692954528, 0.7413951927455722]], [[-2.2884015854167927, -0.6355229232048586]], [[-5.0, 5.0]], [[1.0772354572541003, 2.4816892805257935]], [[-2.9946748608232165, 5.0]], [[-0.7256702627181886, -5.0]], [[-1.2339835957640994, -2.8539483573541307]], [[-2.769938482745231, 2.080345495324755]], [[-1.423053144393652, -3.832092417107376]], [[1.0824578976080728, 1.221066019037767]], [[-3.8061556143225386, 5.0]], [[-3.1056920250574303, 0.9701924278623215]], [[0.02584260668661867, -2.669473614801277]], [[-3.6901839756218124, 4.276938664213272]], [[5.0, 3.122456745950871]], [[0.6819132927673076, -5.0]], [[-0.3924016237214145, -2.4370443104930817]], [[-1.6821967297592066, 5.0]], [[2.442771848430727, 5.0]], [[-2.644801955791353, -1.194035846076363]], [[0.4042918845808643, -2.900820618906664]], [[1.5278306385387808, -1.2768731177372739]], [[-2.5866847540666313, -1.165572310160919]], [[2.192810093352352, 1.8132784057731666]]]"
27,"[-1.6041116718749935, 3.3211975816434443]",[-101.83793454],[0.39206546],"[array([-1.91455992, -4.98815563]), array([ 0.33929176, -0.23172301]), array([1.72805769, 1.21545049]), array([4.25845419, 5.        ]), array([ 3.67451077, -4.42798368]), array([-0.30555602,  3.06214271])]",18239887014.030033,27,1.9669721738037407,8.774759456197556,[-2.0742  2.2014],-102.23,"[[[-1.914559922632019, -4.988155627199505], [0.33929175565046044, -0.23172300503725296], [1.7280576903241163, 1.215450493571329], [4.258454191715321, 5.0], [3.674510773763021, -4.427983678272768], [-0.30555602195397347, 3.0621427091992928]], [[-1.177853318124357, 5.0]], [[-3.6817535209611285, 4.677483950538866]], [[-5.0, -4.999999999999999]], [[-4.307686868441433, -5.0]], [[-0.843267903398092, -5.0]], [[-4.035883693218988, 5.0]], [[-3.2088188582691766, 0.6404436107499389]], [[-5.0, -0.2490382430970062]], [[-3.83947329760631, -2.326814453402697]], [[-5.0, 3.29821586540245]], [[-4.200687379493598, 1.291128237844905]], [[-1.6041116718749935, 3.3211975816434443]], [[-1.9349782711722956, -1.690985662682007]], [[-5.0, 5.0]], [[4.674726555626391, 0.3854383842793787]], [[-3.297997548611945, -0.8127951944811629]], [[0.17072142685912794, 4.707220669989539]], [[-4.59505284989481, 3.7688580260635223]], [[1.0210777659688102, 0.6840271679261942]], [[-4.818106676467476, 5.0]], [[-0.07264396736831301, 3.525164437717096]], [[1.3532849175073343, 3.2193360851601622]], [[0.1880508725859107, 4.483830546588246]], [[-2.450581975376833, -4.787521179004713]], [[-3.72238545508478, 3.918018008275732]], [[4.966043602440385, -0.04340685383447784]]]"
28,"[0.0494345326330083, 1.9231976971253761]",[-174.24166545],[1.97833455],"[array([-1.91455992, -4.98815563]), array([ 0.33929176, -0.23172301]), array([1.72805769, 1.21545049]), array([4.25845419, 5.        ]), array([ 3.67451077, -4.42798368]), array([-0.30555602,  3.06214271])]",4620242376.65,28,2.6157129627070503,9.15249652283733,[-1.2498 -2.3094],-176.22,"[[[-1.914559922632019, -4.988155627199505], [0.33929175565046044, -0.23172300503725296], [1.7280576903241163, 1.215450493571329], [4.258454191715321, 5.0], [3.674510773763021, -4.427983678272768], [-0.30555602195397347, 3.0621427091992928]], [[1.962447336469516, 1.2241716243610852]], [[-2.8593253618700087, 1.9749980405105587]], [[-2.380973081199338, 4.33947092478038]], [[-3.96021848545076, -2.8414943077469674]], [[-1.2909086885453278, -1.6293482023349568]], [[-3.517465463271201, -3.165440165019199]], [[-4.2209259063481825, 5.0]], [[-1.8995428556728817, 0.8075448666001567]], [[-2.750430103215991, -3.1434668910949655]], [[-3.5574221221605717, 2.084525350681896]], [[-1.1402481710618604, 4.5239821324113585]], [[0.008474091650206704, 1.4425385263550308]], [[-0.23263834459382618, -5.0]], [[0.0494345326330083, 1.9231976971253761]], [[-4.951471250089999, -5.0]], [[-1.594672724177946, -5.0]], [[0.9892599236316355, 5.0]], [[0.3092452941167163, 5.0]], [[-0.286718622021783, -2.381346121652431]], [[-4.589515491833645, 0.4962616919693659]], [[-0.18392325781326058, -1.4295286220572114]], [[0.35453951546366014, 2.0023248844216077]], [[2.0195597063229833, 1.0089342321444086]], [[-3.3987414025997147, -0.7327232649886675]], [[0.18228300496476918, -2.2783067996578574]], [[4.250245120819731, 2.3458885798966156]]]"
29,"[0.6741734770846506, 3.0747309140764405]",[-554.40247877],[17.75752123],"[array([-1.91455992, -4.98815563]), array([ 0.33929176, -0.23172301]), array([1.72805769, 1.21545049]), array([4.25845419, 5.        ]), array([ 3.67451077, -4.42798368]), array([-0.30555602,  3.06214271])]",1110930123.834275,29,0.7512532105371473,7.935090268475597,[0.3084 2.6292],-572.16,"[[[-1.914559922632019, -4.988155627199505], [0.33929175565046044, -0.23172300503725296], [1.7280576903241163, 1.215450493571329], [4.258454191715321, 5.0], [3.674510773763021, -4.427983678272768], [-0.30555602195397347, 3.0621427091992928]], [[4.8660626596333785, -0.1417052033122168]], [[1.3073554273668884, 5.0]], [[-3.5273798302163564, 4.585404337054208]], [[-5.0, -4.024752514599607]], [[-2.2159642835250883, 5.0]], [[-2.020830941293904, 0.879980319340939]], [[-0.853996939656652, -0.9925710484251576]], [[1.9703175238053876, 5.0]], [[0.5570079607278179, -2.5350322315720635]], [[0.6741734770846506, 3.0747309140764405]], [[-0.6254919037615978, 3.037242812960568]], [[0.9917701811669994, 5.0]], [[-2.5730919250328563, 3.245798468778162]], [[-0.7928932526379586, -3.4546577749842124]], [[-0.8660395983820763, 1.025344113345159]], [[1.9473092483900134, 3.4291225540843353]], [[-1.9961994282639548, -2.459687093964219]], [[1.3403879603225317, -0.9000523018281483]], [[-1.8309224445002619, -0.5493693015994487]], [[-0.7800836036615705, 5.0]], [[-3.987578686471529, 2.0351262587166774]], [[0.6777919960762859, 1.4283450722239708]], [[0.09346427765736118, 4.21518170392554]], [[0.1661191917217601, -5.0]], [[-3.209656195447728, -0.2800932433454281]], [[-1.9430458456978543, 4.082010171981944]]]"
30,"[-0.37406537574564336, 3.011616592176323]",[117.9995354],[1.8395354],"[array([-1.91455992, -4.98815563]), array([ 0.33929176, -0.23172301]), array([1.72805769, 1.21545049]), array([4.25845419, 5.        ]), array([ 3.67451077, -4.42798368]), array([-0.30555602,  3.06214271])]",3418438372.96172,30,0.6415589513143676,8.183139003815754,[-0.6486  2.52  ],116.16,"[[[-1.914559922632019, -4.988155627199505], [0.33929175565046044, -0.23172300503725296], [1.7280576903241163, 1.215450493571329], [4.258454191715321, 5.0], [3.674510773763021, -4.427983678272768], [-0.30555602195397347, 3.0621427091992928]], [[4.398840430553058, 1.1685258972228745]], [[-0.37406537574564336, 3.011616592176323]], [[-3.006008287201634, -0.7597574806822257]], [[-1.9162364246433932, -0.04547113957704934]], [[-5.0, 5.0]], [[-3.0700202530630514, 5.0]], [[0.4524482421170526, 5.0]], [[-2.2809323782114976, 5.0]], [[-2.549954004087514, 2.3102240381199493]], [[0.6300112423627808, 3.3814958384200433]], [[-4.6713215155836165, 2.170472757582007]], [[-4.038695344357443, 1.0295597558027563]], [[2.569198649431267, 5.0]], [[0.4617356312502672, 4.428217338249658]], [[-1.0932152315824808, 2.6438443941992404]], [[-0.7673855169662833, 1.5242379834549575]], [[-4.962559284106293, 0.49562804492927387]], [[-1.8045865807442014, 1.8757911666221236]], [[0.33341230259097543, -0.5079177932689536]], [[-1.0987014035424267, 0.055070197966556184]], [[1.3223523156215746, -3.710197253400512]], [[-0.00013351317167842325, 3.997956860708756]], [[-1.8289369214324558, -2.0600382216234534]], [[-1.8045607847332326, 0.2961826381444581]], [[0.21171478818616546, 0.997724042354131]], [[-3.62230770343864, 5.0]]]"
31,"[1.155596458073986, -0.13411770203973555]",[285.60170615],[0.81170615],"[array([-1.91455992, -4.98815563]), array([ 0.33929176, -0.23172301]), array([1.72805769, 1.21545049]), array([4.25845419, 5.        ]), array([ 3.67451077, -4.42798368]), array([-0.30555602,  3.06214271])]",461290196.4482673,31,0.9600580122569583,5.915570795317911,[ 1.272  -0.0042],284.79,"[[[-1.914559922632019, -4.988155627199505], [0.33929175565046044, -0.23172300503725296], [1.7280576903241163, 1.215450493571329], [4.258454191715321, 5.0], [3.674510773763021, -4.427983678272768], [-0.30555602195397347, 3.0621427091992928]], [[0.12649711905407296, 1.1067613316031206]], [[1.1802714598887991, 4.278311460531057]], [[1.155596458073986, -0.13411770203973555]], [[-5.0, 5.0]], [[-0.747353946126026, -1.3249818833823852]], [[2.5005902142264995, 5.0]], [[-1.5844168308716071, 2.703193955128671]], [[-1.1033322218186519, 1.3627743895319124]], [[-0.3424916612118136, -0.5853417909039503]], [[-4.177617508907932, 5.0]], [[1.0503282339291513, 5.0]], [[1.6299157021866104, 2.379113831917715]], [[0.2349927672584626, 0.9815851485101648]], [[-2.1028748306977967, 2.310497995824574]], [[2.3997276810519765, 1.2376631327961016]], [[-0.6309272814044863, -1.247818613690678]], [[-2.214226719868714, -2.708533012260223]], [[2.6481378422878006, -5.0]], [[0.4682354339056952, -1.5193504164756102]], [[-0.9912044904375246, -1.7539892338831675]], [[-1.4849771710867852, -3.3329800165621792]], [[-3.2163311909404313, 1.1720078769127402]], [[2.1882148959799586, 3.5679446773885584]], [[1.4367354014420493, -5.0]], [[-1.672836228490226, 1.0214064651086647]], [[-2.2225128888191534, 5.0]]]"
32,"[2.5666788486455454, -2.077987378035308]",[8.29505596],[0.53505596],"[array([-1.91455992, -4.98815563]), array([ 0.33929176, -0.23172301]), array([1.72805769, 1.21545049]), array([4.25845419, 5.        ]), array([ 3.67451077, -4.42798368]), array([-0.30555602,  3.06214271])]",2229387780.2653933,32,2.8117566785087247,6.954034153869684,[ 2.6898 -1.7748],7.76,"[[[-1.914559922632019, -4.988155627199505], [0.33929175565046044, -0.23172300503725296], [1.7280576903241163, 1.215450493571329], [4.258454191715321, 5.0], [3.674510773763021, -4.427983678272768], [-0.30555602195397347, 3.0621427091992928]], [[2.6871309894962927, 0.8384685864293271]], [[0.6105584935631274, 0.7654324267758419]], [[1.9702795127463288, 1.2520093691222047]], [[1.941540508543939, -3.9529935266399123]], [[4.831590344758092, -0.8012945170496012]], [[-3.582905454907543, 2.1519143367805817]], [[4.9413932473221065, 3.463283127684306]], [[0.6977478063613298, -5.0]], [[3.9303333033841317, 2.355266849160332]], [[1.2567060390930636, -2.4569369380691044]], [[2.5666788486455454, -2.077987378035308]], [[-0.04061315472471763, 5.0]], [[-0.11773428396219664, 1.0767441348557918]], [[3.565191387817193, 5.0]], [[1.9556662315073865, -2.135897101865318]], [[-0.9336941906366717, -2.6192288995549706]], [[-0.08128008891528131, -5.0]], [[-0.0010253589068469915, -0.9470995840560598]], [[1.0707630324612836, -3.5512014630485345]], [[2.468489268687509, -5.0]], [[4.213969246115855, 3.907592660491756]], [[3.5942270821886084, 0.7089231520430506]], [[0.6495391345978089, -1.7253018977775405]], [[2.270628536974019, 4.280692408745318]], [[0.2878489724330784, 4.6580894239782005]], [[2.629374010511402, -3.230698049674585]]]"
33,"[-1.9021465382612948, 0.2625373906006844]",[-376.39663247],[5.81336753],"[array([-1.91455992, -4.98815563]), array([ 0.33929176, -0.23172301]), array([1.72805769, 1.21545049]), array([4.25845419, 5.        ]), array([ 3.67451077, -4.42798368]), array([-0.30555602,  3.06214271])]",9237521664.582054,33,2.0891565015519693,7.378408350280856,[-1.608  0.525],-382.21,"[[[-1.914559922632019, -4.988155627199505], [0.33929175565046044, -0.23172300503725296], [1.7280576903241163, 1.215450493571329], [4.258454191715321, 5.0], [3.674510773763021, -4.427983678272768], [-0.30555602195397347, 3.0621427091992928]], [[-4.788991499563591, 0.3676175972516109]], [[4.732365109130912, -2.7254944608499097]], [[-0.9931375332019392, -1.80771035994125]], [[-3.7709059512007754, 5.0]], [[-5.0, 5.0]], [[-1.1452611966627204, 5.0]], [[-3.1469150894435955, 0.45110811101252396]], [[1.1228531254505913, -4.78193091225709]], [[-1.9021465382612948, 0.2625373906006844]], [[-5.0, 3.392458937631919]], [[-5.0, 2.1236538361704356]], [[-1.771653342512741, 3.931391450657291]], [[-2.7863613807236676, 5.0]], [[-3.993235683441445, -1.8989783211572366]], [[1.018651387185025, 5.0]], [[-0.3275131250729246, -5.0]], [[-2.6570732271117, -1.6089617195211698]], [[0.14399764380444768, 5.0]], [[-4.594032678405685, 4.703654188358959]], [[4.277153257716673, -4.251385872950097]], [[-4.902993976239755, 3.921105656099765]], [[-1.8627179667904668, -2.710773273563946]], [[-2.558521654303716, -3.703440568205283]], [[3.742678067407617, 1.48882524640198]], [[-3.7547507119485566, -4.538033123222974]], [[1.2092802879726783, 2.5645357191891227]]]"
34,"[0.9826025153855114, 1.024693979222566]",[-999.66815323],[0.33184677],"[array([-1.91455992, -4.98815563]), array([ 0.33929176, -0.23172301]), array([1.72805769, 1.21545049]), array([4.25845419, 5.        ]), array([ 3.67451077, -4.42798368]), array([-0.30555602,  3.06214271])]",447816819.2358247,34,0.750712693125907,6.013050144330215,[0.699  0.4272],-1000.0,"[[[-1.914559922632019, -4.988155627199505], [0.33929175565046044, -0.23172300503725296], [1.7280576903241163, 1.215450493571329], [4.258454191715321, 5.0], [3.674510773763021, -4.427983678272768], [-0.30555602195397347, 3.0621427091992928]], [[-0.9644838051703362, 0.4926877397016538]], [[-4.413750247598825, -0.9961389099375637]], [[1.1713087326949922, 3.0351657897427766]], [[-3.1094104000095077, 2.6876181863889674]], [[5.0, 5.0]], [[-2.7389738361649, -0.24296727353018485]], [[-1.15366421923061, 5.0]], [[2.243975102480316, 1.8748147049926769]], [[-3.658375864029681, -5.0]], [[0.7365788066091699, -5.0]], [[-2.7209036554840185, 3.5439598585518]], [[-1.6768491579878726, 1.3207306104129124]], [[-4.976379663889806, 4.801889995366071]], [[4.817277615790884, 3.9753984568906855]], [[-3.7968263793537127, 3.1951949121368823]], [[3.999083458059559, -0.6675889012491618]], [[-2.688913089677133, 3.591840201216412]], [[-2.716159942363115, 5.0]], [[2.5555917462904194, 5.0]], [[-0.32658731471410934, -1.5294696724220944]], [[0.9826025153855114, 1.024693979222566]], [[0.21345736112566804, -4.731258932813778]], [[1.6962529264987425, -5.0]], [[-3.1970431457137796, -1.454155318775343]], [[-2.235414856340522, 3.956215904691531]], [[-1.0888855521924539, -0.8562514135296998]]]"
35,"[-2.38985698501061, -0.5424057330609512]",[-182.56438768],[1.24561232],"[array([-1.91455992, -4.98815563]), array([ 0.33929176, -0.23172301]), array([1.72805769, 1.21545049]), array([4.25845419, 5.        ]), array([ 3.67451077, -4.42798368]), array([-0.30555602,  3.06214271])]",6079038679.994474,35,1.7481634794976313,7.170774848774145,[-1.275   0.4392],-183.81,"[[[-1.914559922632019, -4.988155627199505], [0.33929175565046044, -0.23172300503725296], [1.7280576903241163, 1.215450493571329], [4.258454191715321, 5.0], [3.674510773763021, -4.427983678272768], [-0.30555602195397347, 3.0621427091992928]], [[-3.727291336534085, 0.11815624999727481]], [[-4.949867564211957, 3.772844304237764]], [[-5.0, -5.0]], [[-2.4067197223824577, 5.0]], [[-4.140153254406934, 5.0]], [[0.6887356457108812, 5.0]], [[-2.38985698501061, -0.5424057330609512]], [[-3.0383068749328372, -5.0]], [[-3.797652311295172, 2.150943126837546]], [[-2.317098429251931, -5.0]], [[-1.4043079883524898, 0.42288331995651046]], [[0.14500093480256382, -3.9459731781957066]], [[-1.0070633301721275, 1.968813283299637]], [[3.442226617702884, 3.061441846564966]], [[4.442381366570441, -2.4231031233343527]], [[3.843022379060729, 2.1070135606279097]], [[-2.63657101761508, -3.0185638005250537]], [[4.967035504597124, -0.7583477136522179]], [[-4.45220765231906, 2.890456357512129]], [[2.5725683993134285, 5.0]], [[1.3483672353807665, 5.0]], [[-1.403398504197589, 5.0]], [[0.9837304468564868, -0.7431496115418059]], [[-0.6475507820528277, -0.8274134929538369]], [[2.0086173026575382, -1.9100026368458223]], [[-1.7774878546485666, -0.1756546942151359]]]"
36,"[-1.4616500246970032, 0.34890904212802804]",[-386.11805513],[1.63194487],"[array([-1.91455992, -4.98815563]), array([ 0.33929176, -0.23172301]), array([1.72805769, 1.21545049]), array([4.25845419, 5.        ]), array([ 3.67451077, -4.42798368]), array([-0.30555602,  3.06214271])]",12603944514.896494,36,2.373875038413422,8.506242799640692,[-1.9662 -0.7974],-387.75,"[[[-1.914559922632019, -4.988155627199505], [0.33929175565046044, -0.23172300503725296], [1.7280576903241163, 1.215450493571329], [4.258454191715321, 5.0], [3.674510773763021, -4.427983678272768], [-0.30555602195397347, 3.0621427091992928]], [[-1.2007142566948656, 4.2509819479197795]], [[-3.6379202416195797, -5.0]], [[-2.992089113368569, 5.0]], [[-2.1733333753251793, 5.0]], [[-5.0, -5.0]], [[-0.6971985381310232, -5.0]], [[-3.40484946717918, -5.0]], [[-0.049453550257096676, 2.987270897394104]], [[-4.654972007508834, -0.35620833842454624]], [[1.1323588370047166, 4.6959485522763265]], [[-1.494624726600251, 5.0]], [[1.241192474438304, 3.759803779192847]], [[-2.453560450447238, 1.0931685360641274]], [[-5.0, 1.8604464550055]], [[-2.6158615417322726, -2.585023233735578]], [[2.5554014324005005, 5.0]], [[-4.278863957923943, 5.0]], [[0.7524695008797367, -5.0]], [[2.166847695566153, -5.0]], [[-4.825346303742566, 5.0]], [[-5.0, 5.0]], [[-1.4616500246970032, 0.34890904212802804]], [[-5.0, 3.5677624497799463]], [[-3.601238288842794, 2.718598114298282]], [[-3.8485142318661816, -3.0936056487501795]], [[-0.016965901344715206, 3.055370526405797]]]"
37,"[1.4838213417009354, -0.05782956630451992]",[-69.66451235],[0.42548765],"[array([-1.91455992, -4.98815563]), array([ 0.33929176, -0.23172301]), array([1.72805769, 1.21545049]), array([4.25845419, 5.        ]), array([ 3.67451077, -4.42798368]), array([-0.30555602,  3.06214271])]",376908240.5280179,37,0.9992103527493934,6.410943425164256,[ 1.2432 -0.6576],-70.09,"[[[-1.914559922632019, -4.988155627199505], [0.33929175565046044, -0.23172300503725296], [1.7280576903241163, 1.215450493571329], [4.258454191715321, 5.0], [3.674510773763021, -4.427983678272768], [-0.30555602195397347, 3.0621427091992928]], [[1.5231823767014774, -0.81537798649682]], [[-4.016586148667548, 1.725966563970469]], [[0.30120613807878016, -0.17478115418566736]], [[-0.3119548425883009, -5.0]], [[1.292247180148526, 1.088579537760753]], [[2.432505872703257, 5.0]], [[-0.7855442573958652, -0.40572645320257317]], [[-4.300856905529939, -1.3566257742614307]], [[-2.4668374949326455, 5.0]], [[1.4838213417009354, -0.05782956630451992]], [[-0.3872586114487677, -1.489814656457816]], [[-1.7755809256983028, 3.328898167648414]], [[2.3026283504940745, 3.26494927977514]], [[0.7865607369732727, -2.140811706211033]], [[3.6382358370843306, 1.0408086840192086]], [[-5.0, 5.0]], [[-2.4666519886630343, 2.3703880414305405]], [[4.498938565609706, -1.847417518556083]], [[3.1637870475669345, 5.0]], [[-2.903746432694848, -2.193590113593369]], [[-1.2790397734185166, 1.7674260492991365]], [[4.302313849961513, -1.0897693885361024]], [[-0.26452118022745275, -1.1458574597698155]], [[1.154598148003112, -5.0]], [[-3.124151025321715, 5.0]], [[0.15355888437791254, 0.9823631797656018]]]"
38,"[-2.4920577954565934, 1.1459493345533014]",[-805.15788668],[42.95211332],"[array([-1.91455992, -4.98815563]), array([ 0.33929176, -0.23172301]), array([1.72805769, 1.21545049]), array([4.25845419, 5.        ]), array([ 3.67451077, -4.42798368]), array([-0.30555602,  3.06214271])]",40283202586.33066,38,3.4098782407494146,8.381892982208363,[-2.9394  0.705 ],-848.11,"[[[-1.914559922632019, -4.988155627199505], [0.33929175565046044, -0.23172300503725296], [1.7280576903241163, 1.215450493571329], [4.258454191715321, 5.0], [3.674510773763021, -4.427983678272768], [-0.30555602195397347, 3.0621427091992928]], [[1.036527718864297, 3.0751110391439545]], [[0.3304626311826331, 1.3592406270713617]], [[-1.2660718650627525, -2.0206177273086547]], [[-1.770819695625903, 3.1344871556019154]], [[-2.4920577954565934, 1.1459493345533014]], [[-2.1001565329814564, 0.1839564290849716]], [[-2.9571672122665813, -5.0]], [[-1.0720489282825607, 5.0]], [[-3.452138734944536, 2.609414393111014]], [[-3.942759912563271, -5.0]], [[-4.485779534021725, 2.366093375945454]], [[-4.914221880445101, -5.0]], [[-1.6008595684017468, -4.419136779900165]], [[0.04178912169507727, 4.7980948580034255]], [[-4.207126061193003, -2.78085018338137]], [[-0.5640483209391566, -4.999987787453999]], [[-4.587838652260212, -5.0]], [[-1.421033880432085, 5.0]], [[-2.962352065799952, 5.0]], [[-3.946639152007263, 5.0]], [[2.50262145057311, -5.0]], [[1.2514685108192853, -4.775115823647305]], [[-3.3869174562360485, -5.0]], [[5.0, -5.0]], [[-2.1418952182768503, 5.0]], [[-3.641123671007919, -4.212551533970628]]]"
39,"[-1.059205491673471, 5.0]",[-581.9100956],[15.9399044],"[array([-1.91455992, -4.98815563]), array([ 0.33929176, -0.23172301]), array([1.72805769, 1.21545049]), array([4.25845419, 5.        ]), array([ 3.67451077, -4.42798368]), array([-0.30555602,  3.06214271])]",34161140733.518234,39,3.02935075905048,10.170948154521644,[-2.9748 -2.1504],-597.85,"[[[-1.914559922632019, -4.988155627199505], [0.33929175565046044, -0.23172300503725296], [1.7280576903241163, 1.215450493571329], [4.258454191715321, 5.0], [3.674510773763021, -4.427983678272768], [-0.30555602195397347, 3.0621427091992928]], [[2.7460000682283496, -2.9689702511333604]], [[-1.2750822902429817, -5.0]], [[-3.3538757403882027, 5.0]], [[-5.0, -0.24013401171957777]], [[-4.494196413249121, 0.4357831787903851]], [[-2.5662529210464413, -2.2891786101321134]], [[-4.52673498853872, -1.6044804314383398]], [[-4.792008697168178, -5.0]], [[5.0, -5.0]], [[-0.0592529062285585, -5.0]], [[-1.772838890735414, 5.0]], [[-1.780606591211032, 0.4025152645052356]], [[0.45982463281412483, 5.0]], [[-3.5228794307485063, -5.0]], [[-1.059205491673471, 5.0]], [[-2.3800442200044603, -3.4302990358208154]], [[-3.5923326930569015, -4.98864552717113]], [[-5.0, 5.0]], [[-1.4618925769413758, -1.6330695231034227]], [[-0.6624207541207775, -3.7671507070634815]], [[4.701241499099593, -0.37067249605034025]], [[-5.0, -5.0]], [[0.7955707247805164, -5.0]], [[-0.8487166273691602, 5.0]], [[1.4679807583212863, -3.855510720027205]], [[-4.239402183175857, -5.0]]]"
40,"[-0.022096957127877532, -2.488613888786081]",[-103.32081747],[4.01918253],"[array([-1.91455992, -4.98815563]), array([ 0.33929176, -0.23172301]), array([1.72805769, 1.21545049]), array([4.25845419, 5.        ]), array([ 3.67451077, -4.42798368]), array([-0.30555602,  3.06214271])]",689354818.6788474,40,2.5700834342776107,7.649365136917781,[ 1.8972 -2.2758],-107.34,"[[[-1.914559922632019, -4.988155627199505], [0.33929175565046044, -0.23172300503725296], [1.7280576903241163, 1.215450493571329], [4.258454191715321, 5.0], [3.674510773763021, -4.427983678272768], [-0.30555602195397347, 3.0621427091992928]], [[-0.2634160563549567, -0.5857610375798975]], [[-2.6635432258567144, -1.6402901229844997]], [[0.14032475454931356, -0.5493915218047403]], [[-0.2901128677177082, -4.0754591008072065]], [[1.2282104958234952, -3.5008454197074057]], [[0.6745229445243089, -4.017844357847931]], [[5.0, 5.0]], [[-5.0, 5.0]], [[3.21071036785653, 3.9016527890079957]], [[3.8412569963034637, 1.9664814494177907]], [[2.511458239172719, -2.2796347039721017]], [[2.6748230181379102, 0.7954750840574317]], [[-1.5914012543016454, 5.0]], [[2.028326932627172, -1.660269231134271]], [[-1.3502946192787009, 1.6861485407521173]], [[-1.177587445358942, 2.570651041983484]], [[2.612333648889153, 5.0]], [[-0.9033614159089033, -0.5766331997686234]], [[1.1240428282554333, -0.7943832005096452]], [[-0.022096957127877532, -2.488613888786081]], [[-3.4927076317232264, -3.7217319214547895]], [[1.2917637590132465, -3.5180417803231805]], [[-2.551294262731859, 0.08020949234740193]], [[4.582427010868226, -3.595927433995394]], [[1.7918729622295528, -2.8688342237307087]], [[-0.48989117854966757, 3.6928706213885487]]]"
41,"[-2.3600039819596437, 0.33874488363813937]",[-22.03644873],[7.76355127],"[array([-1.91455992, -4.98815563]), array([ 0.33929176, -0.23172301]), array([1.72805769, 1.21545049]), array([4.25845419, 5.        ]), array([ 3.67451077, -4.42798368]), array([-0.30555602,  3.06214271])]",5427069954.780811,41,1.7350916309405608,7.626093905444329,[-1.0992  1.5192],-29.8,"[[[-1.914559922632019, -4.988155627199505], [0.33929175565046044, -0.23172300503725296], [1.7280576903241163, 1.215450493571329], [4.258454191715321, 5.0], [3.674510773763021, -4.427983678272768], [-0.30555602195397347, 3.0621427091992928]], [[-2.0594410713629534, 5.0]], [[-1.2393683579012937, 5.0]], [[-3.347161914501604, -5.0]], [[-4.895179021752995, 5.0]], [[-0.6023481195160777, -5.0]], [[0.9349638008536975, 5.0]], [[-4.3911670663954485, -5.0]], [[-2.6550536336382895, -5.0]], [[-4.104956203566317, 5.0]], [[-4.27141896386002, 2.9165280562229867]], [[-1.1671100869474433, 0.34530970342451756]], [[-3.13567340686873, 3.1775558146563245]], [[-2.3600039819596437, 0.33874488363813937]], [[0.17723047190770738, 5.0]], [[-0.25806315221088594, -2.031488308231647]], [[1.5981009910202053, 4.2507440616678975]], [[5.0, -5.0]], [[1.429335353572742, -5.0]], [[-5.0, -1.1136063456786678]], [[-3.177030903305399, -1.8427326329621552]], [[-1.4870498311226314, 1.9662677307763603]], [[-3.6688162984498525, 2.769898544386188]], [[-0.0024463733728682475, 4.252639853493321]], [[-1.89491153903362, 1.714391039565653]], [[-4.761797390598532, 1.183424325736052]], [[-3.3828822351869614, -4.9350113462053]]]"
42,"[-2.254133261652862, -2.0681266884449787]",[90.24946841],[8.84946841],"[array([-1.91455992, -4.98815563]), array([ 0.33929176, -0.23172301]), array([1.72805769, 1.21545049]), array([4.25845419, 5.        ]), array([ 3.67451077, -4.42798368]), array([-0.30555602,  3.06214271])]",5650257326.713476,42,2.003137608073235,8.455527211477483,[-1.3194 -1.3548],81.4,"[[[-1.914559922632019, -4.988155627199505], [0.33929175565046044, -0.23172300503725296], [1.7280576903241163, 1.215450493571329], [4.258454191715321, 5.0], [3.674510773763021, -4.427983678272768], [-0.30555602195397347, 3.0621427091992928]], [[-1.59230208323626, -3.8210267175474097]], [[-2.7748682017762603, 2.700266113632807]], [[-5.0, -1.502758511241873]], [[-0.8128015806699467, 3.2822575468355906]], [[-4.128286249270315, 4.765742931903148]], [[-3.6170294166083052, -1.5713649697362975]], [[-4.252805832351511, -5.0]], [[0.7127357480849096, 5.0]], [[-2.254133261652862, -2.0681266884449787]], [[-0.7387931524060855, -0.6789006485080565]], [[-3.8355526741066894, -2.257495721857355]], [[-3.3261604392168995, 5.0]], [[2.484142186336116, 4.327444111972868]], [[-5.0, 5.0]], [[-2.9461255125193806, -5.0]], [[-1.794974354489376, 5.0]], [[-0.8259914524973415, -5.0]], [[0.3113200657083161, 5.0]], [[-3.5163284234549326, -5.0]], [[-1.0134327465369894, 2.1246081080794843]], [[-3.7609989279197222, 4.920321770888085]], [[-2.9424561830421094, -4.5570323599654445]], [[-4.7086497928190045, -3.1279569600438304]], [[2.686039135578168, 4.04987149146832]], [[-1.5518580926480599, -3.8749253778539687]], [[-2.508531779875756, -5.0]]]"
43,"[2.0229285106258454, 5.0]",[-14.68830713],[3.66169287],"[array([-1.91455992, -4.98815563]), array([ 0.33929176, -0.23172301]), array([1.72805769, 1.21545049]), array([4.25845419, 5.        ]), array([ 3.67451077, -4.42798368]), array([-0.30555602,  3.06214271])]",586784702.736443,43,0.9156500104190509,7.3750595827046,[1.0092 1.7826],-18.35,"[[[-1.914559922632019, -4.988155627199505], [0.33929175565046044, -0.23172300503725296], [1.7280576903241163, 1.215450493571329], [4.258454191715321, 5.0], [3.674510773763021, -4.427983678272768], [-0.30555602195397347, 3.0621427091992928]], [[-2.572261176879753, 2.142997231336671]], [[-0.17925611150267018, 1.2258983142307431]], [[-3.761292273553212, -2.1492838965220784]], [[-1.7388731805451523, 4.261306161198525]], [[1.357919992936104, 5.0]], [[-0.24903795685296706, -5.0]], [[1.0727550763535503, 2.2669208227165987]], [[1.3097570549052697, -5.0]], [[-2.290810598825224, 5.0]], [[2.0229285106258454, 5.0]], [[2.8680741850714284, 4.258875370643413]], [[4.57184799100698, 2.30888705121708]], [[-4.5847752155453945, 0.3031906237588391]], [[-2.89951762249648, 5.0]], [[2.277941111922443, -5.0]], [[0.4372263087006252, 5.0]], [[-1.9230748647292661, 5.0]], [[-1.2091871471241846, -5.0]], [[0.7040545562698314, 1.0377232113077979]], [[1.1318538878703428, 0.07551644448970635]], [[0.20391853060799586, 2.3053664205580437]], [[0.5924871931930047, 3.745001477726471]], [[1.9463961824763019, 4.007133591572155]], [[-1.5575260284568029, 1.9017092453564315]], [[-0.4727956057493652, -2.625485504287467]], [[-1.059332056974904, -0.5511560746593953]]]"
44,"[-0.15852513505124388, -0.918875480749752]",[-95.86863477],[4.00136523],"[array([-1.91455992, -4.98815563]), array([ 0.33929176, -0.23172301]), array([1.72805769, 1.21545049]), array([4.25845419, 5.        ]), array([ 3.67451077, -4.42798368]), array([-0.30555602,  3.06214271])]",2714187642.6772084,44,2.4797983256074616,9.28748734709848,[-0.8898 -2.73  ],-99.87,"[[[-1.914559922632019, -4.988155627199505], [0.33929175565046044, -0.23172300503725296], [1.7280576903241163, 1.215450493571329], [4.258454191715321, 5.0], [3.674510773763021, -4.427983678272768], [-0.30555602195397347, 3.0621427091992928]], [[4.399189881709063, 4.185627659292354]], [[1.2970375749362244, 3.3081600720238242]], [[-4.884936430408779, -0.8973316850685187]], [[0.973286347894069, -3.9248261694398288]], [[1.501740632768432, 1.2117927918563334]], [[-4.270081648664568, 1.1496627749166457]], [[-0.8237377840706689, 1.0639801129222255]], [[-2.057532926110004, -0.5370978298355321]], [[-0.45269597805428924, -3.664059028858187]], [[-1.7258606786068236, 1.3586860712708884]], [[-4.057606939052593, -5.0]], [[-4.698115082797157, 5.0]], [[-1.8805561091923928, -2.0848760682617695]], [[-2.227816801093229, -4.015841863138053]], [[-5.0, 3.416386293809322]], [[-3.43679329430549, 5.0]], [[1.0285944022848097, 5.0]], [[-0.15852513505124388, -0.918875480749752]], [[-1.150673716133341, -3.480446763349804]], [[-4.2008371016964965, 3.4088814488572616]], [[-0.3674805042807545, 3.416661792032249]], [[2.027574707438797, 0.5401394265945347]], [[0.3679239607167363, 5.0]], [[-4.209031442504957, 0.49300941234930923]], [[-1.2917919662851005, -5.0]], [[-4.901698903840872, -4.628754762659306]]]"
45,"[-3.423260563457856, 3.3495821881147263]",[15.47311347],[7.79311347],"[array([-1.91455992, -4.98815563]), array([ 0.33929176, -0.23172301]), array([1.72805769, 1.21545049]), array([4.25845419, 5.        ]), array([ 3.67451077, -4.42798368]), array([-0.30555602,  3.06214271])]",3581107920.535141,45,1.5383743332343336,7.458943990782789,[-0.738   1.5858],7.68,"[[[-1.914559922632019, -4.988155627199505], [0.33929175565046044, -0.23172300503725296], [1.7280576903241163, 1.215450493571329], [4.258454191715321, 5.0], [3.674510773763021, -4.427983678272768], [-0.30555602195397347, 3.0621427091992928]], [[0.004613711005893087, -2.5730029060047714]], [[-1.2095122011308619, 5.0]], [[-3.4663383816861226, -5.0]], [[-5.0, 5.0]], [[-2.584187890056859, 5.0]], [[0.9584043677431141, 5.0]], [[-0.21833051347599464, 5.0]], [[-2.7721280547769305, -5.0]], [[-3.9454997397032687, 5.0]], [[4.967834772947269, -2.4676278416092288]], [[-1.5399437410582562, -1.0990967809869345]], [[0.3308113197246545, -4.160394636567122]], [[-3.7096389888206693, -1.2369044649858196]], [[-1.3625477778597714, 3.0430696649396918]], [[-5.0, -5.0]], [[4.435993461690035, 4.022962382235471]], [[-2.686271839087185, 1.7175608685394703]], [[-3.2005996133650134, -0.2665109330011642]], [[-1.7492530245123021, -3.3072250992830137]], [[0.7822085910767196, -2.8657585424559255]], [[1.08749821715765, -3.675224360029556]], [[-4.236286665446399, 2.7585081808238314]], [[1.4407733153887934, -4.993271413471627]], [[4.929135596897101, 4.118605924897251]], [[-3.423260563457856, 3.3495821881147263]], [[-1.6086122357425219, -1.023772705183015]]]"
46,"[-2.506940851870306, -1.1448304769675157]",[-180.12492072],[0.80507928],"[array([-1.91455992, -4.98815563]), array([ 0.33929176, -0.23172301]), array([1.72805769, 1.21545049]), array([4.25845419, 5.        ]), array([ 3.67451077, -4.42798368]), array([-0.30555602,  3.06214271])]",9063470436.06176,46,1.978228618134112,7.821225353161553,[-1.6368 -0.1398],-180.93,"[[[-1.914559922632019, -4.988155627199505], [0.33929175565046044, -0.23172300503725296], [1.7280576903241163, 1.215450493571329], [4.258454191715321, 5.0], [3.674510773763021, -4.427983678272768], [-0.30555602195397347, 3.0621427091992928]], [[-4.135048070548697, 1.365865191682892]], [[-3.3271471915480206, 5.0]], [[-3.556260193109674, -5.0]], [[0.6112163062518164, 5.0]], [[-5.0, -5.0]], [[-1.0298867325079, 4.074693299132291]], [[-0.632187192010326, 4.503832405080675]], [[1.1956957612273744, 3.0417274102941496]], [[-4.552576436562711, 2.0341483313991953]], [[-2.506940851870306, -1.1448304769675157]], [[-4.363366217941564, -5.0]], [[-0.005096617317894783, 5.0]], [[-0.15380671856004466, 0.3848947236686812]], [[-2.6011278869044343, 4.266266703354943]], [[-3.4430032250331353, 3.7022699347284735]], [[-4.236470423060586, -3.927404309845025]], [[-2.1068760344476223, 1.6967753506674494]], [[-0.8587400143453785, -2.391201756173498]], [[0.9212577897173203, -3.7110086707023084]], [[-2.20384435082968, -3.402824986193422]], [[-1.4057657820222051, -1.848974253346603]], [[-3.1140078740442436, -1.2482386912565178]], [[-3.788600914233744, -1.1307177542538254]], [[-1.6085647320929148, 3.718311424842192]], [[-5.0, 4.920302854269414]], [[-2.8851135941369117, 1.905416985745745]]]"
47,"[-3.502596204013965, 0.2166810272213466]",[-19.06006326],[17.67993674],"[array([-1.91455992, -4.98815563]), array([ 0.33929176, -0.23172301]), array([1.72805769, 1.21545049]), array([4.25845419, 5.        ]), array([ 3.67451077, -4.42798368]), array([-0.30555602,  3.06214271])]",13262247242.919168,47,2.428329772090132,7.906472980471579,[-1.872   1.2066],-36.74,"[[[-1.914559922632019, -4.988155627199505], [0.33929175565046044, -0.23172300503725296], [1.7280576903241163, 1.215450493571329], [4.258454191715321, 5.0], [3.674510773763021, -4.427983678272768], [-0.30555602195397347, 3.0621427091992928]], [[-1.9145898639901144, -3.715927896991865]], [[-1.9659853355113164, 5.0]], [[-0.3634476674094344, -0.7769600296757986]], [[0.4066596408938945, 0.801975339237371]], [[-2.463717188143902, 4.818076245985383]], [[-0.9869225603707518, -1.1061609709699325]], [[-1.153344249632854, 1.9553079565035334]], [[-2.180772963695298, 2.698028039181373]], [[-0.4729433368945131, 1.286529109285605]], [[-5.0, -5.0]], [[-4.345891116236295, 5.0]], [[-4.643235658743805, 0.6535999826749247]], [[-1.5030803815612428, -3.27761988707761]], [[1.0034440014987303, -5.0]], [[-1.5634278659103298, 5.0]], [[-3.845037413932475, -2.5746868954112054]], [[-3.913661247658654, 2.446805458592303]], [[-3.616112578450169, -5.0]], [[-5.0, -2.1359509236051535]], [[-5.0, 3.452962977846566]], [[-2.787417752621222, -0.41512710128551494]], [[-0.39837566882046516, -5.0]], [[-4.5055226059683315, 3.25122510921772]], [[0.6318375157073836, 5.0]], [[-5.0, 1.6160024794961974]], [[-3.502596204013965, 0.2166810272213466]]]"
48,"[4.258454191715321, 5.0]",[119.63487202],[4.52487202],"[array([-1.91455992, -4.98815563]), array([ 0.33929176, -0.23172301]), array([1.72805769, 1.21545049]), array([4.25845419, 5.        ]), array([ 3.67451077, -4.42798368]), array([-0.30555602,  3.06214271])]",1028880013.1546745,48,2.0699168069590326,8.16489898129229,[ 2.2602 -2.9166],115.11,"[[[-1.914559922632019, -4.988155627199505], [0.33929175565046044, -0.23172300503725296], [1.7280576903241163, 1.215450493571329], [4.258454191715321, 5.0], [3.674510773763021, -4.427983678272768], [-0.30555602195397347, 3.0621427091992928]], [[-1.1680797927523878, 3.470343785725724]], [[-2.8435140253340183, 3.3447775468966974]], [[-1.6430423025587757, -1.3728857424751717]], [[0.7443743324887225, 0.9877078628520961]], [[-1.0073530232829457, 1.0752517038201426]], [[4.020979988559468, 2.181829741349503]], [[1.1905021436742849, -3.4401445343385935]], [[5.0, 3.108554865700722]], [[3.4724432690514657, 5.0]], [[0.4811712374864655, -3.602523119303364]], [[0.7815678094353461, -2.528198548278895]], [[2.147162020077618, -5.0]], [[2.5343497887843878, -1.7706037817651537]], [[-2.6812323197422785, 2.2750614554639768]], [[-4.02297952712582, 3.649335780547368]], [[2.944626013043462, -2.9599113428958135]], [[-0.2917147678422875, -1.6426486737088792]], [[-1.8744620434052262, 5.0]], [[-1.4768335457177435, 3.339554558093269]], [[-5.0, 0.2160445650956303]], [[5.0, 4.375263234348229]], [[-4.6902729364543845, 3.2775428827580875]], [[3.169538987302744, 1.1178324400143576]], [[0.24447092637363177, -0.7653794635223505]], [[0.2564457444927146, -0.698546590559549]], [[4.656247204296447, 3.297022893883934]]]"
49,"[0.5063614069811511, 0.8354318732390147]",[20.60181378],[3.01181378],"[array([-1.91455992, -4.98815563]), array([ 0.33929176, -0.23172301]), array([1.72805769, 1.21545049]), array([4.25845419, 5.        ]), array([ 3.67451077, -4.42798368]), array([-0.30555602,  3.06214271])]",574259887.816447,49,0.7516716875938068,7.038303721932471,[1.0038 1.4166],17.59,"[[[-1.914559922632019, -4.988155627199505], [0.33929175565046044, -0.23172300503725296], [1.7280576903241163, 1.215450493571329], [4.258454191715321, 5.0], [3.674510773763021, -4.427983678272768], [-0.30555602195397347, 3.0621427091992928]], [[0.4769800688674488, -1.0698859284052764]], [[-2.0223029892090882, -0.5588970963980779]], [[0.3260914690686512, -1.028802922874579]], [[4.548611259300373, 0.3883219014963667]], [[-4.656180546919042, 1.477336834024481]], [[1.6065691891345308, 2.749445587309892]], [[5.0, 1.0319553670451713]], [[-1.9889618923595436, 5.0]], [[2.636616938714211, 5.0]], [[-1.3950043602643962, 2.346655995119943]], [[1.9246715778458083, 2.9762665900925946]], [[-0.3180022180168853, 1.9474118973702912]], [[-4.513109052275237, -1.9883489476995422]], [[-0.8875713975409885, -1.2675613995677422]], [[-2.4034466030851407, 5.0]], [[-0.5843253720229513, 4.173921166263438]], [[-0.9093375275674019, 1.303353726509636]], [[0.14474386380289556, -5.0]], [[-1.7681845827336884, 4.03726729568851]], [[1.3658014697792837, 4.364404996344149]], [[0.5063614069811511, 0.8354318732390147]], [[0.1434685267138505, -2.8605731235218324]], [[2.3777407762788907, 5.0]], [[1.0923671475613306, -1.11644636566077]], [[-0.6123274242911882, -3.964985630136139]], [[-2.465510825191002, -0.19768298349559904]]]"
