,xopt,yopt,regret,doe,normalized_regret,f_s,min_dist_to_opt,max_dist_to_opt,real_xopt,real_yopt,bo_history
0,"[0.024012281989054036, 0.512138226215585]",[-348.51291239],[10.92708761],"[array([-0.60176021,  4.36011109]), array([-1.81853325,  0.830982  ]), array([ 0.38628819, -1.01615452]), array([ 2.65353174, -3.85258546]), array([4.94699098, 3.14575376]), array([-3.76233388, -2.73836125])]",[4.39145156e-05],0,1.5284281847632162,5.816879845184687,[-0.30217356  0.63928956],-359.44,"[[[-0.6017602147194658, 4.360111092139338], [-1.8185332533273346, 0.8309819980687134], [0.38628818737971393, -1.0161545208105438], [2.6535317350016516, -3.8525854599710527], [4.946990977540192, 3.1457537641212756], [-3.7623338787304634, -2.7383612482599955]], [[0.2860638018845076, 3.201016062862125]], [[-1.9166236266000407, 2.5847618130879866]], [[0.5390138190485712, 4.918360116950715]], [[-3.5444751767067766, 3.9003304755045445]], [[1.913798619758012, -0.6312140798113406]], [[3.5933067793145366, -4.510763688183516]], [[1.8250577540318362, -1.146880695446148]], [[2.058065233620421, 4.507753942541076]], [[-3.6449282313639872, 0.13801710106699988]], [[-3.6276514140755185, 0.7971332176221515]], [[0.024012281989054036, 0.512138226215585]], [[-2.1906497082947234, 0.06292591715018446]], [[-4.913225820272639, -5.0]], [[5.0, -3.443956736863323]], [[5.0, -0.811558312646636]], [[-0.340571185817416, -2.0902040138061233]], [[-5.0, -1.4085536340633036]], [[-0.8220655016195533, -0.4046496476346846]], [[-1.07213671620222, 3.068058489569629]], [[-4.036861784860174, -1.7033161720595125]], [[-2.683506677696522, 3.34431598241949]], [[3.52978795376892, -1.0245706631483316]], [[3.817131882993106, -3.2397667761935582]], [[4.636817026188278, -1.889439491423836]], [[-2.7612263579220997, 4.360414651873088]], [[-1.1546365999711679, -1.5443479692174151]]]"
1,"[1.9384563413074316, 4.851587588877208]",[128.10961073],[4.27961073],"[array([-0.60176021,  4.36011109]), array([-1.81853325,  0.830982  ]), array([ 0.38628819, -1.01615452]), array([ 2.65353174, -3.85258546]), array([4.94699098, 3.14575376]), array([-3.76233388, -2.73836125])]",[1.36172839e-05],1,1.7722226705623791,5.542667444413206,[-0.03006086  0.70646751],123.83,"[[[-0.6017602147194658, 4.360111092139338], [-1.8185332533273346, 0.8309819980687134], [0.38628818737971393, -1.0161545208105438], [2.6535317350016516, -3.8525854599710527], [4.946990977540192, 3.1457537641212756], [-3.7623338787304634, -2.7383612482599955]], [[-3.6134052065980695, 1.8196305896436549]], [[3.3700036583958504, 1.594905861732733]], [[-0.1861622706772863, 3.0177270720224243]], [[-0.4863965170442387, 0.1760690079883778]], [[-0.566146078889126, 4.478597484260289]], [[1.3131730840836002, 1.1111952616283698]], [[-1.755540201099745, -1.9577774392184617]], [[2.6573678541993626, 3.2821759771531522]], [[5.0, 1.090746791006903]], [[-2.697675249505548, -4.441852236658053]], [[4.191178918607371, 2.116341056307415]], [[-0.4477131695354821, -3.116924791453166]], [[-5.0, -5.0]], [[1.367384569509673, 2.5642751407225632]], [[-0.478705154679413, 1.5465963495382322]], [[-1.2305929067401034, -0.6486028537152116]], [[2.00678070507417, -0.1813115109074379]], [[-1.0550349111068607, -5.0]], [[1.359978681733856, -0.0680084955406808]], [[4.237687931436257, -0.30613735211451343]], [[2.9737059355375113, 5.0]], [[-0.5551667686240837, -1.6145913956243567]], [[1.9384563413074316, 4.851587588877208]], [[1.054621607101072, 3.338418177450213]], [[1.288109507490517, -0.9171359732847221]], [[-5.0, -1.308304557338567]]]"
2,"[3.6607920298713754, -1.8995219870711146]",[49.47740127],[1.96740127],"[array([-0.60176021,  4.36011109]), array([-1.81853325,  0.830982  ]), array([ 0.38628819, -1.01615452]), array([ 2.65353174, -3.85258546]), array([4.94699098, 3.14575376]), array([-3.76233388, -2.73836125])]",[6.10770662e-06],2,1.0039599097055711,5.320035692382128,[ 0.70421685 -0.06386419],47.51,"[[[-0.6017602147194658, 4.360111092139338], [-1.8185332533273346, 0.8309819980687134], [0.38628818737971393, -1.0161545208105438], [2.6535317350016516, -3.8525854599710527], [4.946990977540192, 3.1457537641212756], [-3.7623338787304634, -2.7383612482599955]], [[1.6530269527121948, -4.735526323938851]], [[-2.6356586599367917, -4.972743370780522]], [[3.5728512431187354, -1.0135200043951738]], [[-1.7947700468672603, -0.2825364376310021]], [[-4.747212740766785, -2.4548568409300437]], [[1.0531186423447665, 4.187076214497406]], [[-4.197035015702687, -1.6028323207292638]], [[3.2664731915432514, -4.626597030831633]], [[3.798231277852977, -1.0169912295905228]], [[-0.8328490077594467, -2.662196791743238]], [[-5.0, 3.0219117014485914]], [[0.10720880245356987, 1.4388135012439007]], [[5.0, -2.6255442112501473]], [[-3.763982827665521, 1.4785854668958474]], [[-5.0, 5.0]], [[-1.2021419496589574, 2.2075303753672646]], [[3.6607920298713754, -1.8995219870711146]], [[0.25258069573742004, -3.3678313066520995]], [[2.066076317363497, -1.0070304573145594]], [[-3.148099661727831, 0.3160582230207538]], [[0.13377536781270497, 0.24797058327035626]], [[0.6501861096638011, -5.0]], [[-2.9022527742758655, 3.808016580535851]], [[1.6744143856512785, 3.496359107252726]], [[-2.772186993990553, 0.7432883087662283]], [[4.432566378925891, -2.203584048171335]]]"
3,"[0.5134080100702838, -0.07828856579874965]",[56.65560172],[1.31560172],"[array([-0.60176021,  4.36011109]), array([-1.81853325,  0.830982  ]), array([ 0.38628819, -1.01615452]), array([ 2.65353174, -3.85258546]), array([4.94699098, 3.14575376]), array([-3.76233388, -2.73836125])]",[5.20866123e-06],3,1.3416377139894198,6.544936960201866,[-0.67832142 -0.1996999 ],55.34,"[[[-0.6017602147194658, 4.360111092139338], [-1.8185332533273346, 0.8309819980687134], [0.38628818737971393, -1.0161545208105438], [2.6535317350016516, -3.8525854599710527], [4.946990977540192, 3.1457537641212756], [-3.7623338787304634, -2.7383612482599955]], [[-1.2780109110232676, -1.1440107644491038]], [[-2.0206773917837193, -1.629896147219132]], [[-5.0, 5.0]], [[5.0, 0.06381252511520792]], [[5.0, 1.3184293694574287]], [[5.0, -1.2772507122507613]], [[-1.2442304556991268, 4.684564221797935]], [[0.9204039097477793, 0.5581470058267154]], [[-0.3344222846023222, -4.540311819813461]], [[-3.417432063458143, -1.8108822253885757]], [[-1.3131865746828855, 2.295428321793429]], [[-0.5740231502489038, -3.3296308684499074]], [[1.3201782832072826, 3.9117861737905026]], [[-5.0, -0.5941714600541382]], [[-5.0, 2.086305526215653]], [[5.0, 0.6967601154806893]], [[5.0, 2.2064375597317087]], [[-5.0, 2.600684217353434]], [[-0.45162587181403085, -1.606484856610534]], [[1.1943975345045952, -0.48791593160270086]], [[-3.3474868819099575, -0.2826557693831937]], [[-0.8011288869219316, 0.7100453951249648]], [[0.5134080100702838, -0.07828856579874965]], [[-4.36787127775417, 0.3296227463390718]], [[-0.21597370965836069, 2.242835627452227]], [[0.6159408694004008, 0.9255830654308154]]]"
4,"[0.38628818737971393, -1.0161545208105438]",[-83.48322968],[6.84677032],"[array([-0.60176021,  4.36011109]), array([-1.81853325,  0.830982  ]), array([ 0.38628819, -1.01615452]), array([ 2.65353174, -3.85258546]), array([4.94699098, 3.14575376]), array([-3.76233388, -2.73836125])]",[4.21171898e-05],4,1.4068589356563057,5.977201543830088,[-0.43917136  0.55419177],-90.33,"[[[-0.6017602147194658, 4.360111092139338], [-1.8185332533273346, 0.8309819980687134], [0.38628818737971393, -1.0161545208105438], [2.6535317350016516, -3.8525854599710527], [4.946990977540192, 3.1457537641212756], [-3.7623338787304634, -2.7383612482599955]], [[1.4688202274340512, -3.5249710161142147]], [[1.380045683575752, -3.447939174875041]], [[-5.0, 0.08701011775283608]], [[5.0, 0.12150714939654139]], [[-0.21523404394411372, 0.16595339175066254]], [[-5.0, 1.120664594019869]], [[0.11392225619275534, -1.8817364567262025]], [[-3.0982515302121065, -1.6946508823740285]], [[-0.8501939131741412, 0.5239979687044798]], [[3.9217880444588027, -1.1122765605880052]], [[-2.1544433490831163, -0.10992666360359737]], [[5.0, -1.1692586093589739]], [[-2.018669157764515, -3.2363746527760844]], [[-3.625894975841132, 0.7946232654376447]], [[-5.0, 3.1473644206671705]], [[-4.603944440476612, -1.832186498077045]], [[2.129849778437564, -0.2642800430365048]], [[1.5965590511539502, -1.2776668094518997]], [[-5.0, -5.0]], [[-3.7635257292388236, -2.036209188706067]], [[-2.313055299731049, -2.0887364931296437]], [[-3.968547320855454, 2.2887303085987796]], [[0.8942076817850905, 0.8072165517843423]], [[-5.0, 5.0]], [[0.9556190860358111, -0.036667288908411665]], [[3.898171989243802, -0.30954988941755784]]]"
5,"[1.3009903025437013, 0.15911621082358873]",[69.41422343],[3.80422343],"[array([-0.60176021,  4.36011109]), array([-1.81853325,  0.830982  ]), array([ 0.38628819, -1.01615452]), array([ 2.65353174, -3.85258546]), array([4.94699098, 3.14575376]), array([-3.76233388, -2.73836125])]",[3.03870439e-05],5,0.8985448947410739,6.519104334072829,[-0.40073477 -0.58259046],65.61,"[[[-0.6017602147194658, 4.360111092139338], [-1.8185332533273346, 0.8309819980687134], [0.38628818737971393, -1.0161545208105438], [2.6535317350016516, -3.8525854599710527], [4.946990977540192, 3.1457537641212756], [-3.7623338787304634, -2.7383612482599955]], [[2.7586574942959166, -2.203319790890154]], [[2.9886625175544608, 5.0]], [[-5.0, 5.0]], [[-2.714037154564677, -5.0]], [[0.3919529346998649, -1.1374172919900083]], [[-0.8072042726041355, -2.3187767831878054]], [[1.9349320962291883, -0.6517086320176063]], [[-0.6002416034116328, 0.42953793621564657]], [[2.4032330348719717, -1.81139927489371]], [[3.56086879845229, -5.0]], [[-1.6392960637987861, 5.0]], [[0.3396903470077012, -3.0412786805079146]], [[-1.1880575018307722, 1.2190890967022254]], [[3.2194453658655675, -4.719779302613641]], [[1.6341480051921693, -4.504030699405282]], [[-1.4038150061593262, -5.0]], [[1.3009903025437013, 0.15911621082358873]], [[0.8721564722401722, 5.0]], [[-1.9658236542015042, -5.0]], [[-0.320510496098779, -4.778639671096188]], [[3.4432012913718975, -2.1938380313934207]], [[-0.01674715649219245, 5.0]], [[-0.15949464869042548, -0.9265142363257843]], [[-1.55887786353071, -2.6217528147379188]], [[3.4383051694536713, -3.6024980777821973]], [[0.05100309935982347, 2.54176055576284]]]"
6,"[0.38628818737971393, -1.0161545208105438]",[-287.11240896],[2.96759104],"[array([-0.60176021,  4.36011109]), array([-1.81853325,  0.830982  ]), array([ 0.38628819, -1.01615452]), array([ 2.65353174, -3.85258546]), array([4.94699098, 3.14575376]), array([-3.76233388, -2.73836125])]",[1.81117609e-05],6,1.2956313960140342,6.2310226029780305,[-0.61821562  0.3432338 ],-290.08,"[[[-0.6017602147194658, 4.360111092139338], [-1.8185332533273346, 0.8309819980687134], [0.38628818737971393, -1.0161545208105438], [2.6535317350016516, -3.8525854599710527], [4.946990977540192, 3.1457537641212756], [-3.7623338787304634, -2.7383612482599955]], [[0.26842350789107394, -0.9730522839527318]], [[5.0, 1.567671155552193]], [[-4.302041411447404, -1.6410005824859166]], [[0.9922513094532923, 1.085623845011922]], [[5.0, -0.5900535747849504]], [[-1.4040644970406015, 1.907159856467566]], [[-5.0, -5.0]], [[-0.6309920132353048, -1.3845827818548064]], [[0.10911345342135682, -1.1200734880688497]], [[-5.0, 1.2899824068702392]], [[-0.21269874798848354, 0.3873128736059756]], [[0.24597426375414663, -2.4485775996768]], [[0.5340896450360885, -1.8777709984810116]], [[-5.0, 0.3429173653106638]], [[4.62852453746979, 4.916162086181963]], [[-4.632962718997878, 4.970887854602196]], [[-3.6452563177420405, -3.6009008042916024]], [[3.622689442550099, -1.480375057481812]], [[-2.0694149795715053, -3.057273588519027]], [[-0.3343595509791836, -5.0]], [[0.06466066080445732, -1.4759452330532516]], [[-3.989535684394658, -5.0]], [[-2.7395050616475025, -1.0253978013264753]], [[2.444239944490223, 0.07225259872167486]], [[-0.16046143588086004, 1.1425387665058242]], [[-1.1537675419774334, -0.1969136466300117]]]"
7,"[-2.8275128601847443, -0.1621164926000419]",[26.29548413],[1.19548413],"[array([-0.60176021,  4.36011109]), array([-1.81853325,  0.830982  ]), array([ 0.38628819, -1.01615452]), array([ 2.65353174, -3.85258546]), array([4.94699098, 3.14575376]), array([-3.76233388, -2.73836125])]",[4.60650407e-06],7,1.3067506222407688,6.360245885523235,[-0.68234872  0.18547298],25.1,"[[[-0.6017602147194658, 4.360111092139338], [-1.8185332533273346, 0.8309819980687134], [0.38628818737971393, -1.0161545208105438], [2.6535317350016516, -3.8525854599710527], [4.946990977540192, 3.1457537641212756], [-3.7623338787304634, -2.7383612482599955]], [[-0.12172220685607194, 2.3894772272275313]], [[4.1807712712505065, -2.4472036754389768]], [[-1.2240182859258097, -4.697644149185457]], [[1.8201542009805793, 4.631859110993169]], [[4.237330333843429, -0.9639980434757442]], [[1.9566843307654886, 1.1166049902604085]], [[-3.959259382960364, -4.591360184271921]], [[0.060718215424192944, 1.0317351425706043]], [[-2.9031784088841315, -0.9723134301865645]], [[2.6095991032244794, 2.158304294880865]], [[-1.5604764620762508, -1.8024790901724952]], [[-0.7988707293403273, -0.7593462545092032]], [[-5.0, 1.144519427087242]], [[-2.8275128601847443, -0.1621164926000419]], [[5.0, 5.0]], [[-2.5166133295388784, -4.021358573063426]], [[-5.0, -0.9085387863449705]], [[5.0, 1.2548973821324954]], [[-1.4598191316250106, -3.5050214216623647]], [[-1.7868383109879826, -3.7876954578333635]], [[1.5957498497763036, -0.0692267024673558]], [[0.6795158312985559, -0.2526238535962893]], [[1.072889586909601, -1.7148110671118157]], [[0.19613890278224488, -3.2440814853934654]], [[4.06388680005173, -0.5280182342383597]], [[-1.201374199932662, -0.5273789666141688]]]"
8,"[-0.0008432775958024427, 0.9679782633474999]",[-87.51208615],[0.04791385],"[array([-0.60176021,  4.36011109]), array([-1.81853325,  0.830982  ]), array([ 0.38628819, -1.01615452]), array([ 2.65353174, -3.85258546]), array([4.94699098, 3.14575376]), array([-3.76233388, -2.73836125])]",[1.57006974e-07],8,1.7479743710926634,5.452272786106257,[0.07234558 0.70339613],-87.56,"[[[-0.6017602147194658, 4.360111092139338], [-1.8185332533273346, 0.8309819980687134], [0.38628818737971393, -1.0161545208105438], [2.6535317350016516, -3.8525854599710527], [4.946990977540192, 3.1457537641212756], [-3.7623338787304634, -2.7383612482599955]], [[-2.04937004321953, 5.0]], [[1.7692475631017825, 5.0]], [[-0.6974866665898626, -0.1081997976790976]], [[3.1204673813858608, 1.9003413655009094]], [[-5.0, 0.3894786302507131]], [[-2.4838070902555085, -5.0]], [[-0.0823205324236004, -5.0]], [[-1.3470182900487655, 5.0]], [[-4.470896120267739, -5.0]], [[0.8426326545137853, -5.0]], [[2.3444643562788934, -5.0]], [[-3.4172236065373394, 5.0]], [[0.594275483747443, 5.0]], [[3.8209534466224104, -5.0]], [[-3.6963954041872045, 1.1094216597440931]], [[-1.2991436830462129, 2.66801712643964]], [[0.9377813463231096, 0.7961449694275933]], [[-1.6081326709226096, -1.7896625105026074]], [[5.0, -1.995199982133567]], [[-2.1880240123458123, -0.2103017309176897]], [[-0.35291737607748097, 2.272842749755757]], [[1.185458679478403, 3.001340523113493]], [[-5.0, 2.16693823870908]], [[4.389693478683885, -0.7854013287115356]], [[-0.0008432775958024427, 0.9679782633474999]], [[1.5012176437897264, -1.5020344416534137]]]"
9,"[-2.6221128151816946, 3.784804035325833]",[70.22658749],[10.15658749],"[array([-0.60176021,  4.36011109]), array([-1.81853325,  0.830982  ]), array([ 0.38628819, -1.01615452]), array([ 2.65353174, -3.85258546]), array([4.94699098, 3.14575376]), array([-3.76233388, -2.73836125])]",[4.96407316e-05],9,1.2690254378703685,6.561836864932564,[-0.64858395 -0.28167155],60.07,"[[[-0.6017602147194658, 4.360111092139338], [-1.8185332533273346, 0.8309819980687134], [0.38628818737971393, -1.0161545208105438], [2.6535317350016516, -3.8525854599710527], [4.946990977540192, 3.1457537641212756], [-3.7623338787304634, -2.7383612482599955]], [[-0.4589114875713984, 4.550734302691695]], [[-0.9518027561373726, 1.3653475207114052]], [[-2.023109917433859, 4.3847163814956165]], [[0.7094857899702651, -4.224630338086797]], [[-2.000831074133529, 3.018684000745294]], [[-0.4841658004101062, -0.036452820759852234]], [[2.5081722082979776, -1.2905710104366113]], [[1.253676409522831, -0.5571850149690275]], [[-1.4762210108922327, 3.3533122299038167]], [[-4.4099522972420795, 3.802616371999332]], [[5.0, -2.9036384506405666]], [[-2.6221128151816946, 3.784804035325833]], [[0.7277976207923804, -0.6846069619060403]], [[5.0, -0.3184927418219176]], [[2.2033507399078816, 0.5756875302404282]], [[-5.0, -0.3725982658586254]], [[-5.0, 5.0]], [[-2.930501601904971, -0.5708539150266887]], [[5.0, -5.0]], [[-5.0, 1.3733319897878262]], [[-1.2219394937526618, 2.5455246568916516]], [[-0.20499277226029733, 3.2782985348277514]], [[4.3094411841158315, -1.4209881684648717]], [[3.6708624008938435, 2.4191368000526468]], [[3.1848758487267492, 0.3968724472855741]], [[1.727870902038501, -5.0]]]"
10,"[-0.16519108316045328, 1.6296011376747208]",[-136.45200197],[0.17799803],"[array([-0.60176021,  4.36011109]), array([-1.81853325,  0.830982  ]), array([ 0.38628819, -1.01615452]), array([ 2.65353174, -3.85258546]), array([4.94699098, 3.14575376]), array([-3.76233388, -2.73836125])]",[7.40774822e-07],10,1.6039718408405343,5.731284126697356,[-0.22254229  0.67117429],-136.63,"[[[-0.6017602147194658, 4.360111092139338], [-1.8185332533273346, 0.8309819980687134], [0.38628818737971393, -1.0161545208105438], [2.6535317350016516, -3.8525854599710527], [4.946990977540192, 3.1457537641212756], [-3.7623338787304634, -2.7383612482599955]], [[-3.6721141438050466, 2.914351962144983]], [[1.903614276887403, -4.358089073908737]], [[0.08319133054967587, -0.6597390978696414]], [[0.3730394703003928, -0.9606959848997335]], [[2.8414699310978677, 4.468787108100792]], [[-2.195098039474519, -4.297745425221886]], [[-1.4954100712833507, -1.4915002878957058]], [[4.301251347987947, 5.0]], [[-3.5210989486763284, -5.0]], [[5.0, 0.03567633125786642]], [[3.249240986865315, 2.258238327492993]], [[4.105025366716882, 3.205298477530921]], [[-0.8610961416612333, 1.5039195059680834]], [[1.732417829915574, 2.576407156270747]], [[5.0, 4.051749433861441]], [[-0.44152033707340244, -5.0]], [[-2.524379956486913, -2.8076398492251693]], [[0.5741235402221428, 5.0]], [[-5.0, -5.0]], [[0.3728140465216009, 0.3066694443540181]], [[-0.9450070464752631, 1.3661431503360735]], [[-0.16519108316045328, 1.6296011376747208]], [[4.7150097048129025, 3.0134195352661366]], [[0.7825277062290699, -3.226250258697566]], [[2.3789499068076676, 1.1899376481229915]], [[0.22713588992394165, 3.7790487131844266]]]"
11,"[-2.71825127157554, -5.0]",[167.9100475],[3.9800475],"[array([-0.60176021,  4.36011109]), array([-1.81853325,  0.830982  ]), array([ 0.38628819, -1.01615452]), array([ 2.65353174, -3.85258546]), array([4.94699098, 3.14575376]), array([-3.76233388, -2.73836125])]",[1.24445973e-05],11,0.5301891474712265,6.303940553574957,[-0.04354737 -0.70576457],163.93,"[[[-0.6017602147194658, 4.360111092139338], [-1.8185332533273346, 0.8309819980687134], [0.38628818737971393, -1.0161545208105438], [2.6535317350016516, -3.8525854599710527], [4.946990977540192, 3.1457537641212756], [-3.7623338787304634, -2.7383612482599955]], [[-2.8894204069950202, -3.109194248001834]], [[-0.4383815316981341, -2.001452868044047]], [[-1.4343302079093103, -0.9627874047068885]], [[0.08576369738493785, -5.0]], [[-0.20851646755854766, -0.05992898106050465]], [[-3.4240833194175258, 2.0142562871691974]], [[-4.0062196142346505, -5.0]], [[3.4549093536612467, 5.0]], [[5.0, 5.0]], [[-2.4718212573445633, -0.09205318523990888]], [[-2.4042002132535156, 5.0]], [[1.191456932312834, 3.2081142033323538]], [[1.4538519950015052, 5.0]], [[3.173128954233045, 0.9406684676256556]], [[-0.2682655976094719, 2.2844753190443217]], [[-0.429575103639455, -1.210298419306574]], [[-5.0, 0.3225927680039123]], [[1.6722735115161675, 1.1641810200397558]], [[3.5409364078444403, 3.167503299606853]], [[-1.3660831121711443, -2.8066275205357796]], [[4.61486614798974, 2.0939729471029054]], [[-5.0, -5.0]], [[-3.5583980121519643, 1.6372332083944672]], [[-1.1584381721095447, -3.3201286436896007]], [[-3.4803033747828502, -0.26279897558652454]], [[-2.71825127157554, -5.0]]]"
12,"[-0.6017602147194658, 4.360111092139338]",[-42.77928072],[7.24071928],"[array([-0.60176021,  4.36011109]), array([-1.81853325,  0.830982  ]), array([ 0.38628819, -1.01615452]), array([ 2.65353174, -3.85258546]), array([4.94699098, 3.14575376]), array([-3.76233388, -2.73836125])]",[4.99524228e-05],12,1.4649236392888947,5.8958801799018055,[-0.3716897  0.601537 ],-50.02,"[[[-0.6017602147194658, 4.360111092139338], [-1.8185332533273346, 0.8309819980687134], [0.38628818737971393, -1.0161545208105438], [2.6535317350016516, -3.8525854599710527], [4.946990977540192, 3.1457537641212756], [-3.7623338787304634, -2.7383612482599955]], [[-1.606519485598669, 0.8063570134003435]], [[-0.1235732347168413, -5.0]], [[0.8519574461453545, 5.0]], [[0.017716274724637826, 1.951802703360184]], [[0.8140331391957158, -5.0]], [[-0.2816964597111048, -0.730681340822749]], [[2.950439897980695, 5.0]], [[-1.5267888890115835, 5.0]], [[-0.7031271653104904, 2.521937541105014]], [[5.0, -5.0]], [[1.9477608356316047, 0.35583594761656095]], [[-1.6705129353214223, -5.0]], [[5.0, 5.0]], [[4.141359931911291, 4.666775051114767]], [[3.57032472471161, 3.6618389099514785]], [[1.3488371561886292, -0.6086420697807787]], [[-0.6396627138387573, -2.207759049353688]], [[-5.0, 5.0]], [[-2.8439003618865746, -5.0]], [[-5.0, -5.0]], [[1.9753399316966536, 2.5424580024714714]], [[2.8606824906286104, 2.9256778144796676]], [[-3.5058392543621775, 5.0]], [[1.1130809351073276, 3.1059008194063473]], [[4.215551281595866, 0.7918239480479521]], [[-2.2834759369214503, -5.0]]]"
13,"[0.9554376477346822, -3.9595393082846373]",[591.29703847],[2.43703847],"[array([-0.60176021,  4.36011109]), array([-1.81853325,  0.830982  ]), array([ 0.38628819, -1.01615452]), array([ 2.65353174, -3.85258546]), array([4.94699098, 3.14575376]), array([-3.76233388, -2.73836125])]",[2.0889337e-05],13,0.4420089160358064,5.866153932724139,[ 0.41172237 -0.57487798],588.86,"[[[-0.6017602147194658, 4.360111092139338], [-1.8185332533273346, 0.8309819980687134], [0.38628818737971393, -1.0161545208105438], [2.6535317350016516, -3.8525854599710527], [4.946990977540192, 3.1457537641212756], [-3.7623338787304634, -2.7383612482599955]], [[-5.0, 5.0]], [[-2.0922967225670703, -5.0]], [[-0.7701238964986902, 0.2518458478501209]], [[-3.238803620156529, 5.0]], [[1.5318797275809277, -5.0]], [[0.9949174086930845, 5.0]], [[-1.5171363435219876, -5.0]], [[3.455918766507023, -3.1028520895800633]], [[-3.381806140539523, -5.0]], [[-2.870748123327712, -2.4420304221574582]], [[0.3587359257400796, 1.6972794655527212]], [[0.942496525928589, 0.24575110278542706]], [[-5.0, -5.0]], [[0.15368855140990603, 1.4631171070687101]], [[-3.4603169941244287, -3.9611692194057033]], [[-0.19535949592045107, -3.9607185469197863]], [[-1.4489375273125387, 2.0717967483032633]], [[-2.135188800392361, -1.0811019124109955]], [[0.9554376477346822, -3.9595393082846373]], [[1.5602629316793095, -2.0790275641776725]], [[0.7702623129100994, 0.5069437817207696]], [[-1.7091733852859425, 2.205420242316208]], [[0.9222721102234449, -2.7194452741412443]], [[-2.568503348618269, -1.1588570468013775]], [[-1.4131254480192739, -0.3194279913664053]], [[0.4092363495895465, 3.768435019082911]]]"
14,"[0.005748529013891823, -0.41951040537264656]",[-24.20126693],[8.73873307],"[array([-0.60176021,  4.36011109]), array([-1.81853325,  0.830982  ]), array([ 0.38628819, -1.01615452]), array([ 2.65353174, -3.85258546]), array([4.94699098, 3.14575376]), array([-3.76233388, -2.73836125])]",[2.99768855e-05],14,1.6159765515262963,5.718320005261764,[-0.21008522  0.67517716],-32.94,"[[[-0.6017602147194658, 4.360111092139338], [-1.8185332533273346, 0.8309819980687134], [0.38628818737971393, -1.0161545208105438], [2.6535317350016516, -3.8525854599710527], [4.946990977540192, 3.1457537641212756], [-3.7623338787304634, -2.7383612482599955]], [[-3.8613563387172842, -1.2168241787554361]], [[0.005748529013891823, -0.41951040537264656]], [[-4.247353798728297, 2.3303102755194933]], [[-1.4106286541159785, 4.607864563035558]], [[2.0919942494510995, 0.5785965101152866]], [[1.2829833288437529, -0.5099980955019882]], [[-3.8516793444690185, 1.7960149955603015]], [[-1.91027958564395, 2.6160951551767395]], [[0.2433764810232152, -3.538772334272699]], [[-0.0654890289003963, 1.2076409090015583]], [[5.0, -2.1289385432649635]], [[5.0, -5.0]], [[-1.9054737838212283, -1.4282871720448203]], [[-5.0, -0.2671254341594842]], [[5.0, -3.514408665012174]], [[-5.0, 5.0]], [[-5.0, 4.3724395309862185]], [[-5.0, -0.8355247139396369]], [[-3.5670762936344795, -0.5490029560395023]], [[0.41371518630776155, -2.093583133661191]], [[-1.504395663900736, 1.85519248888487]], [[-3.2628444625938307, 3.545064862560715]], [[2.6278154115809667, -2.202637327078618]], [[1.187555119583272, -5.0]], [[-1.862791936492249, -0.9221700228038809]], [[-2.630383444183403, 3.015155689079289]]]"
15,"[-0.4410529221106334, -2.495864461956514]",[-107.00289052],[4.61710948],"[array([-0.60176021,  4.36011109]), array([-1.81853325,  0.830982  ]), array([ 0.38628819, -1.01615452]), array([ 2.65353174, -3.85258546]), array([4.94699098, 3.14575376]), array([-3.76233388, -2.73836125])]",[2.5190624e-05],15,0.7992784490287843,6.478358192160621,[-0.31516007 -0.63298826],-111.62,"[[[-0.6017602147194658, 4.360111092139338], [-1.8185332533273346, 0.8309819980687134], [0.38628818737971393, -1.0161545208105438], [2.6535317350016516, -3.8525854599710527], [4.946990977540192, 3.1457537641212756], [-3.7623338787304634, -2.7383612482599955]], [[-1.2830090582303473, -1.4724272841111645]], [[1.7575495555646456, -1.294881220633894]], [[3.2752658973577784, -3.2210907387124865]], [[1.0935768068543357, 5.0]], [[-0.5615817111728213, 1.13039769196443]], [[-2.787485746164163, 5.0]], [[-5.0, 5.0]], [[5.0, -5.0]], [[-0.5186133335755955, -5.0]], [[-0.4410529221106334, -2.495864461956514]], [[4.19442813988077, -5.0]], [[-1.674931412536345, 5.0]], [[0.5960917168161236, 0.9245823614416404]], [[0.505440755012068, 0.29800082820417373]], [[0.22630261309015764, 1.6498450777581861]], [[2.512662401569211, -1.2996093443657337]], [[4.586005908435002, -4.345445574894466]], [[-2.442017564914498, 4.12063341003001]], [[-1.2382901820060483, -1.5115848168508068]], [[-0.5219692324970251, -0.6892368835189436]], [[-2.659647964943451, 0.6993429143651948]], [[2.563825582707036, -3.079613297553354]], [[2.30237031170219, 2.6132427617391762]], [[-4.21692105622853, -3.4353039329108306]], [[1.8152330400131478, 0.22788728819919613]], [[-4.766635875106955, -0.13411656649851977]]]"
16,"[-4.485317578678761, -0.91443745615376]",[271.50053843],[3.38053843],"[array([-0.60176021,  4.36011109]), array([-1.81853325,  0.830982  ]), array([ 0.38628819, -1.01615452]), array([ 2.65353174, -3.85258546]), array([4.94699098, 3.14575376]), array([-3.76233388, -2.73836125])]",[1.2259215e-05],16,1.3168491102281572,6.3837649772461935,[-0.69077689  0.15108704],268.12,"[[[-0.6017602147194658, 4.360111092139338], [-1.8185332533273346, 0.8309819980687134], [0.38628818737971393, -1.0161545208105438], [2.6535317350016516, -3.8525854599710527], [4.946990977540192, 3.1457537641212756], [-3.7623338787304634, -2.7383612482599955]], [[2.8726800739989042, -0.9416848040805854]], [[1.266051215671574, -1.5011401495143142]], [[3.213693432371008, 2.658500008803634]], [[-1.837294957006846, 1.3282826070334204]], [[5.0, 1.8242592339343457]], [[-5.0, -1.7194076635819815]], [[-5.0, 0.10921998032786043]], [[-2.1030105585650576, -1.8469073084000711]], [[1.2403618806957035, 1.3147509673770552]], [[-5.0, -5.0]], [[-4.43940941816831, 1.2152268114221965]], [[-2.8495520810774435, -0.6427144210540575]], [[0.33527494917433043, 1.4109595762438485]], [[-2.6559193971113197, -5.0]], [[-2.8711189880623547, -4.329810164127111]], [[3.41088223900069, 1.9644213002873547]], [[-3.2955466591970066, -5.0]], [[-4.485317578678761, -0.91443745615376]], [[0.10938807400327107, -1.6506951041782099]], [[5.0, 5.0]], [[0.7823910310150994, -1.2059289777837023]], [[-3.3454607191288344, -4.021921928753272]], [[-0.22994630095048627, 0.36942505413563714]], [[-1.6155269402653816, -3.121859216029299]], [[-1.708525903893982, -4.123020496700339]], [[0.6273833211040962, -2.802660138802757]]]"
17,"[-0.5774977737678844, -0.6959366873584324]",[-177.40514028],[1.70485972],"[array([-0.60176021,  4.36011109]), array([-1.81853325,  0.830982  ]), array([ 0.38628819, -1.01615452]), array([ 2.65353174, -3.85258546]), array([4.94699098, 3.14575376]), array([-3.76233388, -2.73836125])]",[1.27188558e-05],17,1.419538988592292,5.359780631412122,[0.59076687 0.38858012],-179.11,"[[[-0.6017602147194658, 4.360111092139338], [-1.8185332533273346, 0.8309819980687134], [0.38628818737971393, -1.0161545208105438], [2.6535317350016516, -3.8525854599710527], [4.946990977540192, 3.1457537641212756], [-3.7623338787304634, -2.7383612482599955]], [[-4.06007172344082, -2.747919920201161]], [[1.5267374877526034, -2.6920328101712574]], [[-2.601352742697456, -0.11022593522947176]], [[-0.3255186628140255, -5.0]], [[1.0210352890864118, 0.31500801409751494]], [[5.0, -3.7818541730617476]], [[-0.6719178950320362, -0.028427082248467607]], [[2.795630086041, -3.371538946777096]], [[5.0, 0.8852320479692665]], [[-5.0, 1.0852666738461336]], [[2.932078585098803, 1.0787496727738102]], [[-5.0, 2.29117612739559]], [[-0.9769466326617657, -1.4714467823256927]], [[-0.5774977737678844, -0.6959366873584324]], [[5.0, -4.086021480796018]], [[5.0, 0.5117760581178494]], [[0.4176542662875138, -2.4398760892290325]], [[5.0, -1.4336795636015585]], [[-1.6576582863955447, -3.6908924628048645]], [[3.584980754949084, 0.6781963515006053]], [[0.9901843038058324, 0.7172086901877289]], [[3.888336104869948, -3.1604318714145996]], [[-3.052087092754164, -1.5230602348068345]], [[1.4012006041081924, 1.5798596574293309]], [[4.7495667392368786, 1.7483553186950693]], [[1.4656567714212927, -2.1397357422525807]]]"
18,"[-1.9956744282793057, 3.970958410651303]",[269.36595454],[1.58595454],"[array([-0.60176021,  4.36011109]), array([-1.81853325,  0.830982  ]), array([ 0.38628819, -1.01615452]), array([ 2.65353174, -3.85258546]), array([4.94699098, 3.14575376]), array([-3.76233388, -2.73836125])]",[4.91813828e-06],18,1.7743032665797742,5.552799251859348,[-0.04107045  0.70591304],267.78,"[[[-0.6017602147194658, 4.360111092139338], [-1.8185332533273346, 0.8309819980687134], [0.38628818737971393, -1.0161545208105438], [2.6535317350016516, -3.8525854599710527], [4.946990977540192, 3.1457537641212756], [-3.7623338787304634, -2.7383612482599955]], [[1.7173489293938728, 3.1622809249496195]], [[-2.8787326307733725, -5.0]], [[-1.3653235729214392, -3.57571658135455]], [[3.221474817462083, 0.7378708861037535]], [[0.898655472070646, -4.375507019483036]], [[-4.477088441765027, 0.07797194091256443]], [[2.397967851286763, 3.4844094675370454]], [[-5.0, -5.0]], [[-3.0602725170518816, -0.7973317946997817]], [[3.135252256121486, -1.5045387422095293]], [[-5.0, 5.0]], [[1.2988509510035915, 0.5026961287157008]], [[-3.3852277131871524, 3.2139957534875023]], [[5.0, -5.0]], [[-5.0, 2.751499223478231]], [[5.0, -2.3047143098385727]], [[-5.0, -0.38656111390617387]], [[-0.9278830954362567, 2.548291780897101]], [[1.1880047124959603, -2.4870751667671196]], [[-2.936969713980175, 5.0]], [[-5.0, 0.9854265503074299]], [[3.3383105798093244, -5.0]], [[-1.9956744282793057, 3.970958410651303]], [[-1.5285886823338688, 3.0358321672116904]], [[-0.2548149870055984, 1.0468205885245232]], [[-5.0, 0.7942417091758043]]]"
19,"[-3.689844726457172, -0.06585543565649234]",[-18.19977706],[12.87022294],"[array([-0.60176021,  4.36011109]), array([-1.81853325,  0.830982  ]), array([ 0.38628819, -1.01615452]), array([ 2.65353174, -3.85258546]), array([4.94699098, 3.14575376]), array([-3.76233388, -2.73836125])]",[4.02372116e-05],19,0.5332004660871865,6.306608892194966,[-0.04709316 -0.70553684],-31.07,"[[[-0.6017602147194658, 4.360111092139338], [-1.8185332533273346, 0.8309819980687134], [0.38628818737971393, -1.0161545208105438], [2.6535317350016516, -3.8525854599710527], [4.946990977540192, 3.1457537641212756], [-3.7623338787304634, -2.7383612482599955]], [[0.4700174022569258, -4.151762405816944]], [[0.27690080037656006, -4.27855785389408]], [[-3.4592596396349866, 0.9660338674904613]], [[-0.3735808889345409, -0.15339539861702228]], [[0.5876611281116415, 1.597061228737039]], [[-2.6423762446760604, -1.6150858682229985]], [[-5.0, -5.0]], [[-2.576739241423891, 1.1459661543511055]], [[3.717943540763183, 5.0]], [[2.0391260631703365, 5.0]], [[-5.0, -0.11585463972064557]], [[-5.0, 5.0]], [[-4.393995463044776, -1.0257601291053031]], [[-0.8332697866336582, -2.523447843475151]], [[3.0235318271897116, 3.33708150666937]], [[-3.689844726457172, -0.06585543565649234]], [[0.6265253791404963, 2.888113719512136]], [[-5.0, -3.1333779999080473]], [[3.117453066628519, 1.7550429085572756]], [[4.811740699605837, 0.42699660724069194]], [[2.169870872388713, 4.1389369066793265]], [[-0.6721439693222248, 1.2048846494312226]], [[-3.889551529455104, -4.131802957125437]], [[-0.870544194055229, 2.5003185754182202]], [[-0.8121927676682653, -1.294954169704199]], [[1.864929146892969, 0.33710317781105437]]]"
20,"[0.1305086541437193, 0.6650471190615604]",[273.85936216],[1.05936216],"[array([-0.60176021,  4.36011109]), array([-1.81853325,  0.830982  ]), array([ 0.38628819, -1.01615452]), array([ 2.65353174, -3.85258546]), array([4.94699098, 3.14575376]), array([-3.76233388, -2.73836125])]",[3.31294835e-06],20,0.5275814777344844,6.301609249106515,[-0.04046033 -0.70594827],272.8,"[[[-0.6017602147194658, 4.360111092139338], [-1.8185332533273346, 0.8309819980687134], [0.38628818737971393, -1.0161545208105438], [2.6535317350016516, -3.8525854599710527], [4.946990977540192, 3.1457537641212756], [-3.7623338787304634, -2.7383612482599955]], [[2.7600179997007643, 2.6385261314595745]], [[-1.7791872265019713, 3.0875947476784162]], [[-1.628995726848285, 0.819361985057518]], [[5.0, 1.2729418447550904]], [[-5.0, -1.2914083109083692]], [[-2.215502004051744, -1.0298340149971479]], [[-5.0, -2.1446042265184952]], [[-0.7214359558871809, 1.7733554303694115]], [[0.1305086541437193, 0.6650471190615604]], [[3.440406200062646, 5.0]], [[0.3034346615088768, -0.40131684677954077]], [[-5.0, 0.5661922495620731]], [[-5.0, -5.0]], [[-5.0, 5.0]], [[5.0, -1.3225672186689286]], [[1.5206155456720172, 3.914470006539858]], [[-5.0, -3.8848121023403746]], [[5.0, 5.0]], [[2.6775713886166295, 1.72343155832679]], [[-1.7841033491144647, -5.0]], [[1.3295840291516967, 1.6303752254453985]], [[0.6250613937439087, 0.701989158093964]], [[-1.0753642004361081, -2.977831269583401]], [[-0.7075524211042206, -1.8205600885152335]], [[-2.925169407511732, 4.176884489077992]], [[0.4605425524643145, -3.829516526786203]]]"
21,"[0.3868984527690692, -0.11723298488831477]",[19.47606645],[0.03606645],"[array([-0.60176021,  4.36011109]), array([-1.81853325,  0.830982  ]), array([ 0.38628819, -1.01615452]), array([ 2.65353174, -3.85258546]), array([4.94699098, 3.14575376]), array([-3.76233388, -2.73836125])]",[1.71139727e-07],21,0.686872114511895,5.583490295352465,[ 0.60549823 -0.36520117],19.44,"[[[-0.6017602147194658, 4.360111092139338], [-1.8185332533273346, 0.8309819980687134], [0.38628818737971393, -1.0161545208105438], [2.6535317350016516, -3.8525854599710527], [4.946990977540192, 3.1457537641212756], [-3.7623338787304634, -2.7383612482599955]], [[-0.12772022625059687, -3.369362006535845]], [[2.670041395146079, 5.0]], [[1.0721672010163816, 1.3441279393529793]], [[-3.788586015018405, -0.3511609982863219]], [[-4.87217113764706, -4.847842322724406]], [[-2.3352435053789233, -1.687704231283165]], [[2.96011823518111, -1.335714191674729]], [[-3.182571435224935, 1.0866206870589055]], [[4.259993702131566, 1.9060724738512602]], [[5.0, 0.9680903047479671]], [[-2.8432370748364297, 5.0]], [[4.552250169818892, -5.0]], [[-5.0, 5.0]], [[3.4175765849824833, -5.0]], [[1.6294218238523273, -5.0]], [[-1.6637154767733757, -5.0]], [[-0.3660861791158398, 0.7391997245272075]], [[1.776567090806589, -3.0852221475421415]], [[0.3868984527690692, -0.11723298488831477]], [[-5.0, 3.7350352006272174]], [[-5.0, 2.563045972368081]], [[1.400779759317534, -1.50975827640224]], [[5.0, -5.0]], [[-1.1187268695855948, -0.27933483000081655]], [[-2.4360847894712956, 2.496174824519148]], [[-1.618437385146675, -1.9904180276702796]]]"
22,"[2.0622159069494113, 1.011109157413389]",[-452.21756096],[6.12243904],"[array([-0.60176021,  4.36011109]), array([-1.81853325,  0.830982  ]), array([ 0.38628819, -1.01615452]), array([ 2.65353174, -3.85258546]), array([4.94699098, 3.14575376]), array([-3.76233388, -2.73836125])]",[6.2973616e-05],22,1.4877151976357577,5.3581404999161535,[0.53333687 0.46427555],-458.34,"[[[-0.6017602147194658, 4.360111092139338], [-1.8185332533273346, 0.8309819980687134], [0.38628818737971393, -1.0161545208105438], [2.6535317350016516, -3.8525854599710527], [4.946990977540192, 3.1457537641212756], [-3.7623338787304634, -2.7383612482599955]], [[4.650679059879331, 2.04039015840557]], [[-4.4907900040459054, -5.0]], [[-1.600143155513336, -0.21090761376624406]], [[-2.4102908256047058, 1.42511953891581]], [[5.0, 0.28634830225352303]], [[5.0, -2.9478713946696007]], [[5.0, 1.4283921555575596]], [[1.8937541497941457, -3.7711044518572714]], [[-5.0, -0.5779547856578447]], [[4.9086197373236065, 2.0306572101942724]], [[3.2269116845721553, -2.9635354700671805]], [[2.539783911229554, -1.7163134328576004]], [[2.0622159069494113, 1.011109157413389]], [[5.0, 5.0]], [[5.0, 1.6539714862263373]], [[-1.7180071131240282, -1.3768077923828816]], [[-3.2440053514844216, 0.9230419533654576]], [[5.0, -1.3558885994266063]], [[5.0, -4.395719129611248]], [[5.0, -3.2104483250595783]], [[5.0, 3.6978645744097736]], [[-1.7649651765065464, -0.28509512248426117]], [[0.2445613373971084, -1.337488651901454]], [[2.5956331887588004, -2.6688182264775637]], [[3.0411120701408048, -3.111682055076558]], [[-1.6758326061242403, 0.6059562723789695]]]"
23,"[1.3139318111922715, 0.28331453329599243]",[231.14302257],[12.33302257],"[array([-0.60176021,  4.36011109]), array([-1.81853325,  0.830982  ]), array([ 0.38628819, -1.01615452]), array([ 2.65353174, -3.85258546]), array([4.94699098, 3.14575376]), array([-3.76233388, -2.73836125])]",[3.98015888e-05],23,1.0198198027339993,5.309199697032408,[ 0.70550407 -0.04758153],218.81,"[[[-0.6017602147194658, 4.360111092139338], [-1.8185332533273346, 0.8309819980687134], [0.38628818737971393, -1.0161545208105438], [2.6535317350016516, -3.8525854599710527], [4.946990977540192, 3.1457537641212756], [-3.7623338787304634, -2.7383612482599955]], [[-1.2827395979091225, 0.5871615042914351]], [[-4.726404606236643, -1.0733666486036064]], [[0.3985208015920114, 2.5836267293687]], [[0.799446978441012, 5.0]], [[0.5511352023208649, 5.0]], [[-4.752616019565828, 5.0]], [[4.6553938480025785, -1.8205857690273932]], [[3.040671542202725, 2.7544504029984904]], [[-2.9379116486496692, -1.126393410923859]], [[3.868358976496057, 5.0]], [[1.3139318111922715, 0.28331453329599243]], [[-5.0, -5.0]], [[-1.95937583519143, -5.0]], [[0.4326018535109904, 0.24401425692666284]], [[1.6446367139341411, 3.846700646476341]], [[-5.0, -2.8811915915170605]], [[0.9162509686000704, -0.38527693161976223]], [[5.0, 1.492328847770012]], [[4.157513289119745, 1.6751970862734955]], [[-3.9607357550142206, -1.618877513995823]], [[-1.5374493404064487, -2.160325080923295]], [[2.353571157247376, 5.0]], [[-0.5734660750761775, 2.6337186850078385]], [[-0.9882089906384673, -0.8440307526165793]], [[-1.808822114467454, -0.5641596126059776]], [[3.4255674368798634, 4.9679573492652835]]]"
24,"[-3.7614696769643494, 1.5981762560121888]",[-158.22327297],[3.08672703],"[array([-0.60176021,  4.36011109]), array([-1.81853325,  0.830982  ]), array([ 0.38628819, -1.01615452]), array([ 2.65353174, -3.85258546]), array([4.94699098, 3.14575376]), array([-3.76233388, -2.73836125])]",[9.64240776e-06],24,1.3802692846413704,6.464031364234577,[-0.70699312  0.01267775],-161.31,"[[[-0.6017602147194658, 4.360111092139338], [-1.8185332533273346, 0.8309819980687134], [0.38628818737971393, -1.0161545208105438], [2.6535317350016516, -3.8525854599710527], [4.946990977540192, 3.1457537641212756], [-3.7623338787304634, -2.7383612482599955]], [[-0.750968929138082, -2.688029065963792]], [[-1.6740437052972033, -3.369720712439608]], [[-1.9517354404019949, 1.9466104341818278]], [[-0.8299586960740357, 1.3601567633632494]], [[-1.5158125463595933, 5.0]], [[1.1626781855611044, -3.0900078777172926]], [[1.0417922888496434, 2.184735549222945]], [[0.9879047494596643, 5.0]], [[5.0, -5.0]], [[-5.0, 5.0]], [[-4.762786714326783, 2.4157591738275537]], [[-3.8829690474260468, 2.9894196808756193]], [[4.903660896277574, -2.9125443157955906]], [[-3.7614696769643494, 1.5981762560121888]], [[0.27338428848351737, 2.7587591212559617]], [[2.7339655110594863, -1.1911831565729445]], [[3.661871965538473, -3.006103460461596]], [[-1.0429221213578819, 4.186428535931264]], [[-4.651089924021849, 4.05592519336077]], [[1.1473095197165633, -5.0]], [[1.2803109346049444, 0.5950918928710609]], [[0.7003996455617848, 1.7226393993321063]], [[-4.308163202816544, 2.0239819565467463]], [[3.6490808377035684, 1.5522952762999207]], [[-3.0605587916097714, 1.6717455438309048]], [[-0.06871188098306963, 3.03613539128575]]]"
25,"[4.232919898460765, -0.37912536944174946]",[-998.3671641],[1.6328359],"[array([-0.60176021,  4.36011109]), array([-1.81853325,  0.830982  ]), array([ 0.38628819, -1.01615452]), array([ 2.65353174, -3.85258546]), array([4.94699098, 3.14575376]), array([-3.76233388, -2.73836125])]",[6.68181503e-06],25,1.2662408548166937,5.3298120115325895,[0.67291595 0.21721908],-1000.0,"[[[-0.6017602147194658, 4.360111092139338], [-1.8185332533273346, 0.8309819980687134], [0.38628818737971393, -1.0161545208105438], [2.6535317350016516, -3.8525854599710527], [4.946990977540192, 3.1457537641212756], [-3.7623338787304634, -2.7383612482599955]], [[3.4369087203690496, -3.5601564812578723]], [[-1.8063145596169548, -0.09971507910379702]], [[2.6990009563922657, -0.6482143110093123]], [[4.544617073049444, 0.4680037821568347]], [[2.242192872536961, 1.468233489752405]], [[-5.0, -0.7157702562241335]], [[5.0, -1.3343399605724413]], [[5.0, -4.480483351351292]], [[-5.0, 1.6949022528392517]], [[-5.0, -4.881397486832905]], [[-5.0, 4.033716131259607]], [[1.3419662538025228, 0.590223896271679]], [[-1.1812685402494094, -1.8937435553447965]], [[-3.0419160762818613, 2.6491700150493225]], [[-5.0, 5.0]], [[5.0, -0.5543980162714992]], [[1.1106809486645852, -2.708969794446954]], [[-1.2320667845882973, -0.939775353585289]], [[0.84701496933183, -2.0440906387006392]], [[4.137847786717985, -5.0]], [[5.0, -0.7616040545584433]], [[2.672243987564487, -1.4330612704957948]], [[4.232919898460765, -0.37912536944174946]], [[-4.065819506656246, 0.731660955145059]], [[-0.42374406423844907, 1.3409983466796778]], [[-0.6311332952456398, -0.30416589555421797]]]"
26,"[0.14281310360312827, 0.2313148751708716]",[53.57143729],[0.07143729],"[array([-0.60176021,  4.36011109]), array([-1.81853325,  0.830982  ]), array([ 0.38628819, -1.01615452]), array([ 2.65353174, -3.85258546]), array([4.94699098, 3.14575376]), array([-3.76233388, -2.73836125])]",[4.15918118e-07],26,1.3702605900391838,5.354615920561949,[0.62357127 0.33340497],53.5,"[[[-0.6017602147194658, 4.360111092139338], [-1.8185332533273346, 0.8309819980687134], [0.38628818737971393, -1.0161545208105438], [2.6535317350016516, -3.8525854599710527], [4.946990977540192, 3.1457537641212756], [-3.7623338787304634, -2.7383612482599955]], [[0.004592624489204056, -1.4623661700211246]], [[5.0, -5.0]], [[-3.6017096520876675, 0.12685380992629475]], [[2.5129863263826566, -5.0]], [[5.0, -3.6856098320207287]], [[-1.469295222218478, -0.07817946621797968]], [[1.8234715064406146, -2.630404675881395]], [[5.0, -4.504493952381525]], [[-5.0, 1.506911103959599]], [[3.1448337256318197, -3.55757971185075]], [[-3.0724195662572633, 0.7168853199410753]], [[5.0, 0.4034577028092455]], [[2.2656740568602802, 0.47793220046375584]], [[5.0, -0.09799865538896912]], [[-0.6926455359448868, -0.8537443204495623]], [[5.0, -1.5475237057481943]], [[-0.18135248990099873, -1.1747899330452032]], [[2.066872646674353, -0.9370602892621474]], [[-0.08835951927651578, -1.3186096364858833]], [[0.5100596002146432, -3.4045576601353917]], [[-2.0698617929940477, 4.4165934925836225]], [[0.14281310360312827, 0.2313148751708716]], [[0.9464333428295544, 1.1335710991755463]], [[3.9511094186499736, 0.2283908177663597]], [[2.2312280096357258, -1.8947163034024257]], [[-1.634381763674293, 2.829301821393166]]]"
27,"[-0.259903705429402, 2.582824470476406]",[-141.02908752],[29.03091248],"[array([-0.60176021,  4.36011109]), array([-1.81853325,  0.830982  ]), array([ 0.38628819, -1.01615452]), array([ 2.65353174, -3.85258546]), array([4.94699098, 3.14575376]), array([-3.76233388, -2.73836125])]",[9.28649545e-05],27,1.0330843333968394,5.300338684006278,[ 0.70629456 -0.03388207],-170.06,"[[[-0.6017602147194658, 4.360111092139338], [-1.8185332533273346, 0.8309819980687134], [0.38628818737971393, -1.0161545208105438], [2.6535317350016516, -3.8525854599710527], [4.946990977540192, 3.1457537641212756], [-3.7623338787304634, -2.7383612482599955]], [[4.684106189871624, -3.0822297816576283]], [[3.3234100802621094, 5.0]], [[1.454394792952206, 2.486146292581366]], [[-1.7786169448940812, -3.565149744329998]], [[-1.6397856299831777, -1.3062073033405321]], [[-5.0, 5.0]], [[-4.743713651199057, -5.0]], [[-0.2702923959348737, 1.5440082073442616]], [[5.0, 5.0]], [[3.614120151662755, 3.1571567522407733]], [[-3.5818009555794026, -5.0]], [[1.206731654525209, 5.0]], [[-0.31395266691159035, -0.7821648082193504]], [[-0.19929841764137585, -5.0]], [[1.1697599996873846, 0.3799149456113453]], [[-1.1044426233279963, 1.183940986767602]], [[-2.706107066235651, -2.277056732362529]], [[4.646955193661732, 1.6082018280809085]], [[0.39151979137227344, 3.701724910216238]], [[-0.259903705429402, 2.582824470476406]], [[-0.5725259251020461, 3.866059235919561]], [[-3.13335548529733, 4.140397981223025]], [[-3.10312207781243, 3.528491789555936]], [[-1.7324915440981443, 2.201504228250603]], [[3.3152760008735314, 3.409236121965256]], [[-1.4410943680518677, 1.5106926059897867]]]"
28,"[-0.41612724451998107, -0.02974069927077685]",[40.14840743],[2.34840743],"[array([-0.60176021,  4.36011109]), array([-1.81853325,  0.830982  ]), array([ 0.38628819, -1.01615452]), array([ 2.65353174, -3.85258546]), array([4.94699098, 3.14575376]), array([-3.76233388, -2.73836125])]",[2.26335186e-05],28,0.6083591093657654,5.662140077696536,[ 0.55913103 -0.43286544],37.8,"[[[-0.6017602147194658, 4.360111092139338], [-1.8185332533273346, 0.8309819980687134], [0.38628818737971393, -1.0161545208105438], [2.6535317350016516, -3.8525854599710527], [4.946990977540192, 3.1457537641212756], [-3.7623338787304634, -2.7383612482599955]], [[3.1472708311880755, 2.2990133258552987]], [[5.0, 1.0441939183711848]], [[-4.574113419022525, -0.700849144835784]], [[-0.41612724451998107, -0.02974069927077685]], [[-5.0, 2.7356639257412074]], [[5.0, -0.889290809849999]], [[-5.0, 0.5085564662288409]], [[1.867422819134645, -0.6258723977357918]], [[5.0, 2.6300608248601134]], [[5.0, 5.0]], [[-2.3793549786550527, 2.3706776084102597]], [[-0.7871462533870346, 0.1779351576576368]], [[0.9726322912433593, 2.1056949558906477]], [[5.0, -0.4584993281824437]], [[5.0, -1.3038368384761976]], [[4.195722651972172, -1.513099219181302]], [[-4.626664218897572, 3.2705019040679266]], [[3.302122503413176, 0.676177434664364]], [[-1.0033128082001805, 0.324136330285538]], [[3.229292374943923, -1.4097802608691894]], [[-5.0, -1.7669959366654968]], [[-5.0, 1.619559595539546]], [[-5.0, -5.0]], [[4.598822988511666, -0.19960791861245664]], [[4.143837705987272, 3.308345155453934]], [[-0.6138260325024122, 1.5504423868349082]]]"
29,"[-0.09347006131502583, -0.013479421989395167]",[-9.39843205],[1.99156795],"[array([-0.60176021,  4.36011109]), array([-1.81853325,  0.830982  ]), array([ 0.38628819, -1.01615452]), array([ 2.65353174, -3.85258546]), array([4.94699098, 3.14575376]), array([-3.76233388, -2.73836125])]",[1.61011259e-05],29,1.3556272322752385,6.062647696807338,[-0.50528977  0.49465366],-11.39,"[[[-0.6017602147194658, 4.360111092139338], [-1.8185332533273346, 0.8309819980687134], [0.38628818737971393, -1.0161545208105438], [2.6535317350016516, -3.8525854599710527], [4.946990977540192, 3.1457537641212756], [-3.7623338787304634, -2.7383612482599955]], [[1.4101943263255654, 5.0]], [[0.8580464767832482, -5.0]], [[0.38974459839843684, 5.0]], [[-0.2576830005129992, -5.0]], [[2.185494749721043, 5.0]], [[-5.0, 5.0]], [[3.6950774876296455, 5.0]], [[-1.3014085301949894, 1.7472700818207958]], [[1.4541339013097876, 0.3465590293672687]], [[2.8995828904028818, 5.0]], [[-0.9615090681817114, 0.2722169095436372]], [[0.9220526064080533, -0.3229327707341326]], [[-0.09347006131502583, -0.013479421989395167]], [[3.539514666560857, 2.5928139499812826]], [[2.343791584131467, 0.5701017306378988]], [[3.9870332400806507, 1.3469512972322093]], [[-0.9016698926141054, 4.299530991251537]], [[-2.492020814924375, 3.5086831032158]], [[1.1484528441470578, -2.8950755446782295]], [[0.5552657365429615, -0.32322028809226455]], [[1.5584294154723404, 2.315002133746913]], [[1.6155600226945868, -0.9226420253155325]], [[0.3490905140845049, 0.6887221827052182]], [[-2.9058671118001618, -2.4933053860076018]], [[-1.1816761999518082, -2.4412142333073157]], [[-4.8904822328390445, -1.2968319106160076]]]"
30,"[-1.8185332533273346, 0.8309819980687134]",[68.47490684],[11.97490684],"[array([-0.60176021,  4.36011109]), array([-1.81853325,  0.830982  ]), array([ 0.38628819, -1.01615452]), array([ 2.65353174, -3.85258546]), array([4.94699098, 3.14575376]), array([-3.76233388, -2.73836125])]",[0.00011167],30,1.537000480908914,5.349094896432866,[0.48143707 0.51789801],56.5,"[[[-0.6017602147194658, 4.360111092139338], [-1.8185332533273346, 0.8309819980687134], [0.38628818737971393, -1.0161545208105438], [2.6535317350016516, -3.8525854599710527], [4.946990977540192, 3.1457537641212756], [-3.7623338787304634, -2.7383612482599955]], [[-1.744041618606442, 1.9069612471213313]], [[1.0989512959973928, 0.6290649729640917]], [[-5.0, -5.0]], [[-1.9978233298340948, 5.0]], [[-1.6241521899697746, -5.0]], [[0.10207779115974171, 5.0]], [[-1.473661975385961, -0.8881070919001277]], [[1.4707386992779843, 3.5379009956615857]], [[-3.095825000171973, 5.0]], [[-3.6000773048407044, -4.705020482396344]], [[1.7292199070000702, 2.8902411536711377]], [[0.6118152793344693, -3.7506937948717893]], [[-5.0, 5.0]], [[-0.5005989995677842, -1.2815068623858599]], [[2.488071338458047, 5.0]], [[-2.873034493275119, 2.4412324334769426]], [[1.8943293062324826, 5.0]], [[0.8789934220275885, 2.221707696623771]], [[-0.2165913412926986, 0.27928235158338466]], [[-0.0978108668641226, -0.7719176997123939]], [[4.090650595768838, -3.7839362531213694]], [[-4.59184615968424, 5.0]], [[4.525670191339603, -4.664898563652469]], [[3.543668232717259, 5.0]], [[3.770583724697608, -5.0]], [[1.7228250010306834, 2.747771886671035]]]"
31,"[-0.5777898659284186, 0.8870696266568473]",[64.5478511],[1.4878511],"[array([-0.60176021,  4.36011109]), array([-1.81853325,  0.830982  ]), array([ 0.38628819, -1.01615452]), array([ 2.65353174, -3.85258546]), array([4.94699098, 3.14575376]), array([-3.76233388, -2.73836125])]",[6.58318103e-06],31,1.4918008432605259,5.861462953444007,[-0.34187491  0.61896813],63.06,"[[[-0.6017602147194658, 4.360111092139338], [-1.8185332533273346, 0.8309819980687134], [0.38628818737971393, -1.0161545208105438], [2.6535317350016516, -3.8525854599710527], [4.946990977540192, 3.1457537641212756], [-3.7623338787304634, -2.7383612482599955]], [[-3.715573683750423, -2.5048024164196443]], [[-2.6978019862177365, -4.589969059067586]], [[1.4021597740329006, -4.002761767875704]], [[2.0986398410844296, 0.08153879804366224]], [[-1.5146083464303628, 1.9816110664645878]], [[0.41929136775813275, -2.4195047968246746]], [[-4.2553859173527995, 2.265553808986911]], [[3.759003965900245, -1.173885133231529]], [[1.713981652249527, -0.7243908670663957]], [[-5.0, 3.9841779328644873]], [[-4.030513664332484, 2.9968245912314044]], [[-0.5777898659284186, 0.8870696266568473]], [[-1.404302880968634, -1.9006743839479727]], [[-5.0, -1.912128573463375]], [[5.0, -0.38691025789652017]], [[-2.5125860033980616, -1.287590217596597]], [[-1.2336717243577608, -1.3787317970637223]], [[-5.0, 5.0]], [[-1.9783655970727148, 2.3098890079166767]], [[-0.2958139937998061, -0.6867741894136639]], [[2.0292779476532155, -1.8406600870490295]], [[-2.612774978955269, 1.8608839247605264]], [[-0.6718676861885957, 0.20257397119270418]], [[-4.591504165727069, -0.2720912898721053]], [[5.0, -2.322389004113128]], [[-2.664795376212867, -0.24844423609133895]]]"
32,"[-0.9977415239544438, 0.17440158281567797]",[55.65097138],[3.72097138],"[array([-0.60176021,  4.36011109]), array([-1.81853325,  0.830982  ]), array([ 0.38628819, -1.01615452]), array([ 2.65353174, -3.85258546]), array([4.94699098, 3.14575376]), array([-3.76233388, -2.73836125])]",[1.55426841e-05],32,0.7411284734453447,5.532531102759746,[ 0.63208293 -0.31697188],51.93,"[[[-0.6017602147194658, 4.360111092139338], [-1.8185332533273346, 0.8309819980687134], [0.38628818737971393, -1.0161545208105438], [2.6535317350016516, -3.8525854599710527], [4.946990977540192, 3.1457537641212756], [-3.7623338787304634, -2.7383612482599955]], [[0.8461286679307015, -5.0]], [[1.7213626139133031, 5.0]], [[2.047611614418791, -5.0]], [[0.0382094943000513, -2.703756175792613]], [[-2.6287438774520804, 5.0]], [[-2.513974921018591, -5.0]], [[-5.0, 5.0]], [[0.04756339396494002, 5.0]], [[-2.865360169393903, 3.1510713814701528]], [[1.815503276203928, -2.4650866669470646]], [[-1.2030978767545442, 1.8080375280372671]], [[0.9998050879669403, -0.5942230033697554]], [[5.0, -5.0]], [[-4.443933742616252, 1.8984054346248753]], [[1.0660296145171797, 2.140405887570691]], [[1.9748965667081853, -1.7746031155549895]], [[-1.118502629685935, -5.0]], [[-4.148840090853524, 4.832318936627769]], [[-2.7510163269460772, -2.071520136535614]], [[0.8947833068805662, -4.958106225934689]], [[-1.3921078313532709, -2.4680924441679744]], [[-0.24217927904833136, 0.7649595516927274]], [[4.637945980381025, -2.8489760246116225]], [[2.506880396258925, -3.3364422716638575]], [[-0.9977415239544438, 0.17440158281567797]], [[3.6358022380683304, -5.0]]]"
33,"[0.08990267127467622, -1.1315238948229869]",[33.59601023],[2.88601023],"[array([-0.60176021,  4.36011109]), array([-1.81853325,  0.830982  ]), array([ 0.38628819, -1.01615452]), array([ 2.65353174, -3.85258546]), array([4.94699098, 3.14575376]), array([-3.76233388, -2.73836125])]",[9.56382172e-06],33,0.5651320158498762,6.3334823469717225,[-0.08357915 -0.70214993],30.71,"[[[-0.6017602147194658, 4.360111092139338], [-1.8185332533273346, 0.8309819980687134], [0.38628818737971393, -1.0161545208105438], [2.6535317350016516, -3.8525854599710527], [4.946990977540192, 3.1457537641212756], [-3.7623338787304634, -2.7383612482599955]], [[-0.8015590223129091, 4.349368792147486]], [[3.0075968944283886, -4.384448407642348]], [[-0.6755943342010978, 1.7846896600134143]], [[-5.0, 3.83377682808604]], [[5.0, -4.065204849325861]], [[-0.658127541433729, 0.678162535539769]], [[5.0, -5.0]], [[-2.109865727820698, 2.4181359784739396]], [[2.56858220817079, -1.8103574075560187]], [[1.1906953400041496, -5.0]], [[-5.0, 1.5381029674568014]], [[0.0021140395536371303, -4.338896835119131]], [[0.9208139785738388, -2.3448146602990008]], [[1.2837847386959833, -1.1210116330293254]], [[-1.2776889182665767, 1.7354436765249095]], [[-0.05967248121416812, -1.547907359339705]], [[0.9844253053476251, 1.2812858570794061]], [[0.4647791023156577, 1.2297294092719762]], [[0.41732853034071843, 2.07430162558589]], [[0.08990267127467622, -1.1315238948229869]], [[3.8947982027220633, 0.005287207960071747]], [[2.410301043027187, 3.1168383547965948]], [[0.7969196127277778, -0.6147552322576324]], [[4.13930830988555, -1.3334934178045674]], [[-0.14404433369655553, 3.3112658134505577]], [[2.9850492483976456, -0.1559001803594165]]]"
34,"[-0.5336893819316383, 1.2062721520184196]",[11.21437109],[3.36437109],"[array([-0.60176021,  4.36011109]), array([-1.81853325,  0.830982  ]), array([ 0.38628819, -1.01615452]), array([ 2.65353174, -3.85258546]), array([4.94699098, 3.14575376]), array([-3.76233388, -2.73836125])]",[1.2408755e-05],34,0.9065495902215505,5.391923686511138,[ 0.68843155 -0.16143729],7.85,"[[[-0.6017602147194658, 4.360111092139338], [-1.8185332533273346, 0.8309819980687134], [0.38628818737971393, -1.0161545208105438], [2.6535317350016516, -3.8525854599710527], [4.946990977540192, 3.1457537641212756], [-3.7623338787304634, -2.7383612482599955]], [[-3.271139336428217, -1.0509177226106996]], [[1.4684598722305122, 1.937889293850193]], [[-0.9452300173087558, -0.4664466487809071]], [[5.0, 0.18153203847936492]], [[-0.3968518217751734, -2.40656930191575]], [[2.9517650260442854, 2.507372421349617]], [[-3.5872548686228543, 5.0]], [[1.6483881403085427, 3.885536205255326]], [[2.0088482018785756, -5.0]], [[-3.367388885035596, 4.017543753368894]], [[2.636198575033752, 1.8716760918043858]], [[-0.5637150284432602, 2.6997059243707113]], [[-5.0, 1.0703275438357152]], [[-2.2618217275156023, -2.1605006531088464]], [[5.0, 1.7775236412514857]], [[5.0, -1.4258969351407687]], [[1.43580011834039, 0.26801063389642626]], [[-5.0, -5.0]], [[2.300466418333345, 5.0]], [[-5.0, -2.303440479493543]], [[3.3277183642768926, 0.3462040215840022]], [[3.8460779870517197, 0.2910020727974132]], [[-0.5336893819316383, 1.2062721520184196]], [[0.9763243457680204, 1.9219846346813014]], [[4.915655229747719, -3.0762047451626615]], [[5.0, 4.71156310131347]]]"
35,"[-1.8185332533273346, 0.8309819980687134]",[34.24555715],[2.33555715],"[array([-0.60176021,  4.36011109]), array([-1.81853325,  0.830982  ]), array([ 0.38628819, -1.01615452]), array([ 2.65353174, -3.85258546]), array([4.94699098, 3.14575376]), array([-3.76233388, -2.73836125])]",[2.35668998e-05],35,1.3237020665429238,6.1308483057982155,[-0.55411892  0.43926327],31.91,"[[[-0.6017602147194658, 4.360111092139338], [-1.8185332533273346, 0.8309819980687134], [0.38628818737971393, -1.0161545208105438], [2.6535317350016516, -3.8525854599710527], [4.946990977540192, 3.1457537641212756], [-3.7623338787304634, -2.7383612482599955]], [[-0.7918107223097229, -0.9774959938606579]], [[3.991221711475416, 0.7320587842764752]], [[-5.0, 1.8219611913778173]], [[-5.0, -1.9179273051182948]], [[-5.0, 1.2763489831362254]], [[5.0, 1.8111188268165863]], [[3.153703648287569, -0.27387411355044045]], [[-5.0, 0.04645806297068959]], [[5.0, -2.3908685664366303]], [[2.5509788353650644, -0.7912353840378893]], [[-1.579776083569351, -2.1189379314664865]], [[-5.0, -5.0]], [[-5.0, -3.432945966625581]], [[-1.382900519231204, -3.6307431025904613]], [[2.086592411665025, 0.6171457569896353]], [[3.264263445514537, -3.6851257222884026]], [[-4.028903024051628, 3.582747557084753]], [[-1.9505212054669951, 0.04580330668149735]], [[2.033554910904268, 0.625593847918092]], [[-0.44935789469309056, -1.5014786399873354]], [[-5.0, 0.8968478179095641]], [[-2.185855075730804, 4.891132309782813]], [[-3.6978704553292037, -3.233292420408176]], [[-5.0, -4.102424632272279]], [[-3.57472170070412, 1.325290656603348]], [[0.9649305176120487, 1.2527190198378988]]]"
36,"[1.3663741205245716, 0.1268473991387546]",[28.38864364],[47.47864364],"[array([-0.60176021,  4.36011109]), array([-1.81853325,  0.830982  ]), array([ 0.38628819, -1.01615452]), array([ 2.65353174, -3.85258546]), array([4.94699098, 3.14575376]), array([-3.76233388, -2.73836125])]",[0.00016542],36,1.3256117380154577,6.549576327771996,[-0.67249527 -0.21851797],-19.09,"[[[-0.6017602147194658, 4.360111092139338], [-1.8185332533273346, 0.8309819980687134], [0.38628818737971393, -1.0161545208105438], [2.6535317350016516, -3.8525854599710527], [4.946990977540192, 3.1457537641212756], [-3.7623338787304634, -2.7383612482599955]], [[-0.1492339805732401, 3.2909381989195463]], [[-3.422985923052405, -2.753081424074024]], [[-0.10999499793054174, -2.728492520383933]], [[-2.0317533237525223, -2.942063500309881]], [[0.28411638522586996, -1.2794663089567613]], [[-1.872310172382625, -2.281996829254985]], [[-1.9445667355818557, -2.609219693242236]], [[0.5096405678705979, 1.51756065361937]], [[-3.25576143491444, -1.434546340827706]], [[1.3094189293231697, 2.6149517927369073]], [[-0.5132764473459476, -0.5524564814648233]], [[2.58093993783856, 0.13768814048108297]], [[-0.521280913115059, -1.1885258742389997]], [[-4.1171706370579, -4.654285135407198]], [[5.0, -0.795974860259358]], [[3.769633143166408, 5.0]], [[0.8415563918597981, -5.0]], [[1.5438181640935427, -0.9282443903581833]], [[0.7827491494170493, 3.2337407391268265]], [[1.3663741205245716, 0.1268473991387546]], [[-4.6987510586948344, 3.683967992754912]], [[3.1533862471943768, 3.288895343374228]], [[2.426584913768279, 5.0]], [[2.587312260346506, -3.7067160424557324]], [[-2.884203672575774, -5.0]], [[2.0798060662433593, 1.4580968922586135]]]"
37,"[0.6548027152653245, 0.14247504916392004]",[-132.55706937],[3.29293063],"[array([-0.60176021,  4.36011109]), array([-1.81853325,  0.830982  ]), array([ 0.38628819, -1.01615452]), array([ 2.65353174, -3.85258546]), array([4.94699098, 3.14575376]), array([-3.76233388, -2.73836125])]",[1.21828414e-05],37,1.296941281365753,5.338883046016331,[0.66091569 0.2513771 ],-135.85,"[[[-0.6017602147194658, 4.360111092139338], [-1.8185332533273346, 0.8309819980687134], [0.38628818737971393, -1.0161545208105438], [2.6535317350016516, -3.8525854599710527], [4.946990977540192, 3.1457537641212756], [-3.7623338787304634, -2.7383612482599955]], [[-3.582602483954421, 0.6774342443588042]], [[-0.9421514709711847, -2.0409571346835076]], [[-0.24177451623504417, 1.2216792115348303]], [[1.9873838148773981, 1.020231879571967]], [[2.5079725203488707, -1.4943922455538927]], [[-5.0, 1.7280098743187915]], [[-1.6092276605997187, -0.1525149996349038]], [[-0.17467774170469272, 0.6409645897235487]], [[3.6081430167133424, 1.8994340043992002]], [[5.0, 0.36732355401930045]], [[4.336842305306233, 5.0]], [[-2.3597317301313625, -5.0]], [[5.0, 5.0]], [[-2.5924843646725835, -2.1519627775532135]], [[0.43259465922176793, 5.0]], [[-5.0, -5.0]], [[-0.9944577690178279, -5.0]], [[-0.4443270422858967, -0.6461911836298562]], [[4.386796914718124, 4.457887889732363]], [[-1.086592304046364, 1.7186432060409402]], [[0.6548027152653245, 0.14247504916392004]], [[0.887329041731868, 3.475182035902371]], [[1.268842337050077, 0.4348130685887055]], [[3.3549980749054864, 4.9534856907541975]], [[-1.1335875154674477, 3.7055148764570482]], [[3.5710975525751305, -2.3818268373306486]]]"
38,"[-0.6973291601073238, 1.3470953268568369]",[-79.09166369],[9.51833631],"[array([-0.60176021,  4.36011109]), array([-1.81853325,  0.830982  ]), array([ 0.38628819, -1.01615452]), array([ 2.65353174, -3.85258546]), array([4.94699098, 3.14575376]), array([-3.76233388, -2.73836125])]",[2.97654155e-05],38,1.1153676636811454,5.267654059891039,[0.70514276 0.05266576],-88.61,"[[[-0.6017602147194658, 4.360111092139338], [-1.8185332533273346, 0.8309819980687134], [0.38628818737971393, -1.0161545208105438], [2.6535317350016516, -3.8525854599710527], [4.946990977540192, 3.1457537641212756], [-3.7623338787304634, -2.7383612482599955]], [[-4.092407832545096, -1.0885846103926131]], [[2.5579163982581705, 0.9017392780378591]], [[2.2990103583867887, 3.805925847742344]], [[1.3140637243310058, -4.564783356363684]], [[0.33254051613832397, 0.8494701813082386]], [[0.6607719834585911, 4.096620880422065]], [[-5.0, -0.7641842108367544]], [[2.235971715925191, -2.4807131946553365]], [[-5.0, -2.968236434243152]], [[-5.0, 2.734380649435558]], [[-3.018170365008014, 4.8821159065216655]], [[-1.1735480636660365, 1.6538937505016236]], [[5.0, 3.3719884788962955]], [[5.0, 1.8621911328139018]], [[-2.7393961738703303, -5.0]], [[2.0186901292437334, -0.40028393889856634]], [[-1.8638086627563712, -1.1744109574922685]], [[3.8602869108793216, 2.377646376329433]], [[0.3528244788864966, 5.0]], [[1.6314493442262108, 2.047928618940021]], [[-0.6973291601073238, 1.3470953268568369]], [[-5.0, -5.0]], [[-1.007032843411085, 1.0305085873036897]], [[-1.496218917082063, -3.0249603653434196]], [[3.44886993396989, 0.6199322998801192]], [[-1.4369778857829216, -0.016321339848939947]]]"
39,"[0.03517572640185706, -0.5055875159570925]",[191.85598867],[6.22598867],"[array([-0.60176021,  4.36011109]), array([-1.81853325,  0.830982  ]), array([ 0.38628819, -1.01615452]), array([ 2.65353174, -3.85258546]), array([4.94699098, 3.14575376]), array([-3.76233388, -2.73836125])]",[2.61817829e-05],39,0.39118110864408895,5.972646348928646,[ 0.31977466 -0.63066962],185.63,"[[[-0.6017602147194658, 4.360111092139338], [-1.8185332533273346, 0.8309819980687134], [0.38628818737971393, -1.0161545208105438], [2.6535317350016516, -3.8525854599710527], [4.946990977540192, 3.1457537641212756], [-3.7623338787304634, -2.7383612482599955]], [[4.140002846187231, -2.0806553420481233]], [[4.066501370449055, -3.4410081122395786]], [[0.7270568571747934, 0.5021031789966884]], [[-2.1777489446871625, -5.0]], [[-5.0, 0.1726230323492667]], [[3.0046801543700883, 5.0]], [[-4.5006735459135, 3.4218440815044695]], [[5.0, 1.2469001764478986]], [[-0.6501594895212395, 2.3865425745562736]], [[0.04406794022802503, 0.3981622125925619]], [[-2.751065746912, 2.920554903505936]], [[1.3080016151132114, -1.6566381190231858]], [[5.0, -1.4642972576321067]], [[0.7892285144890518, -0.7250325293648011]], [[3.3840345847958617, 1.278594474481284]], [[4.491876690490339, 0.9217468703504115]], [[5.0, -5.0]], [[-5.0, 5.0]], [[-0.3245884495797026, -0.16054175758087005]], [[0.03517572640185706, -0.5055875159570925]], [[-0.9014323001034718, -3.6431005122470324]], [[-5.0, -1.8737363917991865]], [[-4.968570822596286, 2.1769081746370618]], [[-1.5763975241745314, -1.228710831707658]], [[3.0599834329461792, -3.2335746321762433]], [[5.0, -4.322369427512708]]]"
40,"[-1.6626311301831105, 5.0]",[92.23516044],[10.92516044],"[array([-0.60176021,  4.36011109]), array([-1.81853325,  0.830982  ]), array([ 0.38628819, -1.01615452]), array([ 2.65353174, -3.85258546]), array([4.94699098, 3.14575376]), array([-3.76233388, -2.73836125])]",[3.53428588e-05],40,1.4233414929030304,6.49553542241032,[-0.70492825 -0.0554631 ],81.31,"[[[-0.6017602147194658, 4.360111092139338], [-1.8185332533273346, 0.8309819980687134], [0.38628818737971393, -1.0161545208105438], [2.6535317350016516, -3.8525854599710527], [4.946990977540192, 3.1457537641212756], [-3.7623338787304634, -2.7383612482599955]], [[3.7292952227803564, 1.3134643902950263]], [[-1.9180791667627783, 3.624579626529739]], [[0.9980816741393319, 4.561327744156847]], [[3.0349305856962987, -4.223962326438574]], [[-0.07148155059608167, -5.0]], [[-5.0, -5.0]], [[-1.2432699605138866, 5.0]], [[-2.838374701790642, -5.0]], [[-1.6626311301831105, 5.0]], [[-0.8686585571921143, 5.0]], [[2.069582534655777, -4.84221148855736]], [[-5.0, 1.4218875547556737]], [[3.240765009382055, -1.083938585047478]], [[-2.4217461292625564, -0.8128464523436733]], [[1.2897291727700637, 1.3840209854948053]], [[-0.24433851550510854, -2.450596099532872]], [[2.184255794148602, -0.03704664015702055]], [[-0.3424254286916599, 2.12497649512902]], [[5.0, -1.324132382636001]], [[-3.90161424102624, 1.0093664499408908]], [[5.0, -5.0]], [[-5.0, 2.462280214035774]], [[-4.377576484970076, 1.6715241155969223]], [[-5.0, -0.016889235065365656]], [[-1.7579649723649915, 3.242388711032601]], [[4.703700070405661, -4.492637905049382]]]"
41,"[-0.8374507508208023, -0.6081536470268734]",[-14.68393094],[0.67606906],"[array([-0.60176021,  4.36011109]), array([-1.81853325,  0.830982  ]), array([ 0.38628819, -1.01615452]), array([ 2.65353174, -3.85258546]), array([4.94699098, 3.14575376]), array([-3.76233388, -2.73836125])]",[7.08851335e-06],41,1.0772546012743758,6.5631425613293,[-0.536601   -0.46049904],-15.36,"[[[-0.6017602147194658, 4.360111092139338], [-1.8185332533273346, 0.8309819980687134], [0.38628818737971393, -1.0161545208105438], [2.6535317350016516, -3.8525854599710527], [4.946990977540192, 3.1457537641212756], [-3.7623338787304634, -2.7383612482599955]], [[-1.9390153752068102, 0.8667885764703004]], [[-4.143211153488932, -1.8421724488135118]], [[3.4878497486531708, -0.1596395599328989]], [[2.641457014874269, -1.3849644031747002]], [[-1.4262753154794907, -2.1951123636342396]], [[-0.8374507508208023, -0.6081536470268734]], [[-0.48293723888661116, 0.3080772491789519]], [[2.7261789691661247, 1.8996962131443467]], [[2.671600775923948, 5.0]], [[-5.0, 3.6150605700137066]], [[-4.563103372268442, 0.8478647955907787]], [[-2.751340980849544, 2.85764829970713]], [[-0.7772927100385392, 2.673067815970991]], [[3.8194985591447654, 1.5822183861631114]], [[0.9314692469167742, 1.73555281391458]], [[2.360644273964835, 5.0]], [[-2.2455468228835693, 2.2017982361983757]], [[-5.0, 4.574906077599974]], [[1.230433473894633, 0.7228936958952858]], [[-5.0, 2.648657759872702]], [[-5.0, 2.334426883383808]], [[-0.7104195618602619, 0.5683086354007878]], [[0.6555093918122479, -2.9547820121976756]], [[-2.3262968318655086, 3.884216765433985]], [[1.1680892465855424, -0.4821130507728095]], [[-5.0, -1.2076969958774262]]]"
42,"[2.730059048701341, -2.327192488766532]",[-9.53870961],[3.64129039],"[array([-0.60176021,  4.36011109]), array([-1.81853325,  0.830982  ]), array([ 0.38628819, -1.01615452]), array([ 2.65353174, -3.85258546]), array([4.94699098, 3.14575376]), array([-3.76233388, -2.73836125])]",[1.27876407e-05],42,0.8410457316873187,5.444960777237177,[ 0.67049409 -0.22458334],-13.18,"[[[-0.6017602147194658, 4.360111092139338], [-1.8185332533273346, 0.8309819980687134], [0.38628818737971393, -1.0161545208105438], [2.6535317350016516, -3.8525854599710527], [4.946990977540192, 3.1457537641212756], [-3.7623338787304634, -2.7383612482599955]], [[-1.1082543128538722, 0.39425297584631913]], [[-4.645774628360137, -0.474872032692147]], [[-4.033862434321498, -4.626742767499929]], [[-2.651246882762023, 5.0]], [[-0.004464014256889692, -2.992673644661296]], [[-0.5177123323487809, -1.5865682255266946]], [[-1.6802585988306833, 5.0]], [[-5.0, 5.0]], [[1.9084066950109897, -5.0]], [[1.381089218420897, -3.1355038340641745]], [[5.0, -5.0]], [[4.065967146889192, -5.0]], [[4.855312339550907, -4.143936767148976]], [[5.0, -1.8037996457145418]], [[-2.558179525451488, 3.289131351876607]], [[-1.4878495797562197, 2.4917062290182295]], [[2.730059048701341, -2.327192488766532]], [[-0.43324301755529515, -5.0]], [[-1.5084035314521773, -1.9740936515771277]], [[3.436457135376904, -3.176026427345377]], [[5.0, 1.7852147265762122]], [[4.1348130727596, -3.7558702674066646]], [[-2.229541943997051, -1.5097550982207322]], [[-0.28864326716738253, -2.86293589173169]], [[-3.8765781348592214, 5.0]], [[0.2663602710836691, 0.8289779681375794]]]"
43,"[-0.41210843394547325, -1.2586109391533717]",[29.57708738],[90.09708738],"[array([-0.60176021,  4.36011109]), array([-1.81853325,  0.830982  ]), array([ 0.38628819, -1.01615452]), array([ 2.65353174, -3.85258546]), array([4.94699098, 3.14575376]), array([-3.76233388, -2.73836125])]",[0.00028331],43,0.961877674150668,5.350004643180727,[ 0.69903448 -0.10654009],-60.52,"[[[-0.6017602147194658, 4.360111092139338], [-1.8185332533273346, 0.8309819980687134], [0.38628818737971393, -1.0161545208105438], [2.6535317350016516, -3.8525854599710527], [4.946990977540192, 3.1457537641212756], [-3.7623338787304634, -2.7383612482599955]], [[-1.9540402721987244, -3.123979395517164]], [[0.2537080670946753, -3.2293599524311483]], [[2.0726049618425697, -4.3400364777868745]], [[-1.5458847695917781, -0.14535247527163855]], [[1.333829638918836, -2.600830427940906]], [[-1.6852890761584045, 1.2486193828767795]], [[-4.578700073672288, 3.7637873533904527]], [[2.346885319729113, 5.0]], [[-1.4538442020465725, -5.0]], [[-3.2692627925998394, 5.0]], [[5.0, -5.0]], [[-3.0415239693855054, 2.9126544470367506]], [[-5.0, 5.0]], [[3.874156096442417, -5.0]], [[5.0, -3.870074908808223]], [[-0.41210843394547325, -1.2586109391533717]], [[-4.739136166300195, 2.037525051161774]], [[-2.060218057993972, -0.1003794687354107]], [[1.2991904610168268, 0.06057885628937143]], [[-3.2561545445298568, -4.10151403050391]], [[2.24081589678131, 4.913628225482686]], [[3.4983448622914075, -1.7367435891065632]], [[0.23381991880549047, 1.8389552035235126]], [[4.042905915854728, -2.908468580457478]], [[2.495073323291228, -1.6481268806673735]], [[-1.7255918125446745, -2.198925219147501]]]"
44,"[0.7463185454340137, -1.4912703511302527]",[193.26951057],[8.86951057],"[array([-0.60176021,  4.36011109]), array([-1.81853325,  0.830982  ]), array([ 0.38628819, -1.01615452]), array([ 2.65353174, -3.85258546]), array([4.94699098, 3.14575376]), array([-3.76233388, -2.73836125])]",[2.80693968e-05],44,1.3774062464109305,6.4615231921445115,[-0.70688616  0.01766244],184.4,"[[[-0.6017602147194658, 4.360111092139338], [-1.8185332533273346, 0.8309819980687134], [0.38628818737971393, -1.0161545208105438], [2.6535317350016516, -3.8525854599710527], [4.946990977540192, 3.1457537641212756], [-3.7623338787304634, -2.7383612482599955]], [[-2.5175271900012697, -1.803118702209713]], [[-4.868199138032596, 3.955403087209312]], [[-4.6597533935303055, -3.2166389304026977]], [[-3.235103482123164, 2.185479666273789]], [[-3.3491058400980593, -2.744946561245442]], [[1.4751933359017408, 3.0007095499081813]], [[3.5498748286576096, 5.0]], [[5.0, -1.0594770525730801]], [[1.0603617462231592, -2.1605143574692316]], [[-5.0, 0.1935663715068176]], [[2.4793017226522758, 4.029010722551617]], [[5.0, 1.4007967255848834]], [[-5.0, -5.0]], [[-0.7442441094827922, -5.0]], [[2.9133349746353754, 1.1431056211567596]], [[-0.30677503088383246, -3.080928807989839]], [[-5.0, -2.10448057402944]], [[-3.6625137906532848, -4.360385358356615]], [[-0.20638701254427616, -4.596235863620705]], [[0.7463185454340137, -1.4912703511302527]], [[1.6971210179164817, -0.041404387988860245]], [[0.5577224274744526, 1.1067269397915531]], [[3.4031559797089237, 2.2761829465552537]], [[1.1844284632853501, -1.9931516623846521]], [[1.0503257288115164, 0.047937868288041904]], [[-0.6226968112280454, 1.8153982764610002]]]"
45,"[-1.3708668042674328, 2.3957497188964725]",[228.29451752],[0.52451752],"[array([-0.60176021,  4.36011109]), array([-1.81853325,  0.830982  ]), array([ 0.38628819, -1.01615452]), array([ 2.65353174, -3.85258546]), array([4.94699098, 3.14575376]), array([-3.76233388, -2.73836125])]",[3.70822137e-06],45,1.339179466747263,6.095404003622232,[-0.5292114   0.46897259],227.77,"[[[-0.6017602147194658, 4.360111092139338], [-1.8185332533273346, 0.8309819980687134], [0.38628818737971393, -1.0161545208105438], [2.6535317350016516, -3.8525854599710527], [4.946990977540192, 3.1457537641212756], [-3.7623338787304634, -2.7383612482599955]], [[3.4995203791278673, -4.349178404426263]], [[-0.8720262869384448, -5.0]], [[-0.9717890760137159, 0.8600618991697945]], [[1.2923750309449293, -5.0]], [[1.4872862121416042, 3.9910933223710594]], [[-1.6621416645359248, 5.0]], [[1.051262105030556, 0.5899030101661908]], [[2.5880888689072195, 5.0]], [[2.2043773912368096, 3.400131049844373]], [[-1.3708668042674328, 2.3957497188964725]], [[2.332789113391335, 5.0]], [[0.2979373317003252, 0.4226521422511764]], [[2.4142750058221742, 4.023688490989352]], [[2.6537892505932854, 3.5972704698743327]], [[5.0, 1.1154806854685675]], [[-4.880226621115999, 3.490667671260716]], [[2.904208904789147, -0.6489284279210681]], [[1.5231932906934076, 0.046686385797429605]], [[-1.2215547873626342, -0.7669162514606465]], [[-3.951515243327658, -3.7044793640157003]], [[4.484889396127926, 1.3354691950400346]], [[2.0894196780547496, 2.099941708835951]], [[1.1608889639804598, 4.517099663169802]], [[-2.8165869716620113, 4.146198553735911]], [[1.1374755230442795, -3.015504064127589]], [[0.024371167739285486, 4.0731733502931275]]]"
46,"[-5.0, 1.5479470258663504]",[101.73282982],[5.33282982],"[array([-0.60176021,  4.36011109]), array([-1.81853325,  0.830982  ]), array([ 0.38628819, -1.01615452]), array([ 2.65353174, -3.85258546]), array([4.94699098, 3.14575376]), array([-3.76233388, -2.73836125])]",[1.79330916e-05],46,1.4237012795643063,6.511996448397772,[-0.7004957  -0.09646646],96.4,"[[[-0.6017602147194658, 4.360111092139338], [-1.8185332533273346, 0.8309819980687134], [0.38628818737971393, -1.0161545208105438], [2.6535317350016516, -3.8525854599710527], [4.946990977540192, 3.1457537641212756], [-3.7623338787304634, -2.7383612482599955]], [[1.5474953171646153, -5.0]], [[-0.782167456641305, 2.0054449229618143]], [[-3.5771295540900803, 4.946492682944686]], [[-2.2202374888274594, 3.5160259862255816]], [[-0.6345730314376322, 0.5162819425068232]], [[2.7461956986996636, -2.110158824018636]], [[-5.0, 2.3599517723644516]], [[1.7612830061212863, -2.1051943367627115]], [[5.0, -3.8625091401619653]], [[-5.0, 5.0]], [[1.037837771047758, -0.7196892168482606]], [[-3.5771908501165597, 1.8713715488437805]], [[-5.0, 0.9991172553421193]], [[4.777737074148111, -5.0]], [[-1.6176269741827145, 5.0]], [[0.6472371105605705, -0.7806110732640719]], [[-5.0, 1.5479470258663504]], [[-1.313562572826864, 1.3850896913617285]], [[4.712817998030409, 1.6811779649230874]], [[5.0, -0.5588852805838056]], [[2.0643333521035894, 0.45941264227345063]], [[-1.3332425295247745, 0.6294493017301445]], [[1.5371761198488807, -1.1881341700997692]], [[-4.841887791278852, -2.1577537443144235]], [[2.583254172350638, -3.8206577280557665]], [[-1.5740959110360173, 4.4363305585509485]]]"
47,"[0.38628818737971393, -1.0161545208105438]",[-86.24628708],[4.20371292],"[array([-0.60176021,  4.36011109]), array([-1.81853325,  0.830982  ]), array([ 0.38628819, -1.01615452]), array([ 2.65353174, -3.85258546]), array([4.94699098, 3.14575376]), array([-3.76233388, -2.73836125])]",[3.75330684e-05],47,1.3506816654770377,6.0721008257384925,[-0.51227885  0.48741192],-90.45,"[[[-0.6017602147194658, 4.360111092139338], [-1.8185332533273346, 0.8309819980687134], [0.38628818737971393, -1.0161545208105438], [2.6535317350016516, -3.8525854599710527], [4.946990977540192, 3.1457537641212756], [-3.7623338787304634, -2.7383612482599955]], [[3.8615294012089922, 1.8532406238113008]], [[-0.19210857832480005, -0.6823528902285287]], [[-3.8487344802026406, -2.6876615026108586]], [[-4.2319366313243485, 1.0333314013992354]], [[-1.9137177078029248, -4.816496299600273]], [[2.8316334104205865, 0.6760468221494934]], [[5.0, -2.7049620850018963]], [[5.0, 0.9960983939694714]], [[-3.7131759063033263, 0.4201546957138132]], [[-5.0, -2.983895169200749]], [[1.9160661226625648, -0.550621394181589]], [[-5.0, -1.260226943084406]], [[-4.342479602092864, 1.1434754806421132]], [[4.466410060895377, -0.8300054089223945]], [[-2.651935289802396, 1.272626187180727]], [[-1.3744928807328582, 1.5374052245497238]], [[-2.1763983784112026, 3.6557428666854666]], [[-2.0616683434346528, 0.4400803166043037]], [[-2.0194867887757084, 1.1286413841996814]], [[5.0, -1.5553709253426387]], [[-5.0, -2.7622725767827156]], [[1.4144536965225365, -0.07556441086676291]], [[-3.7613262191667407, -2.312204915933773]], [[-2.4648288992544187, 0.7714328597586207]], [[-1.4863638291151258, 0.46644485785786005]], [[-2.9560185883870655, -1.1213266309903585]]]"
48,"[0.9133415035209225, 0.10624350505501086]",[40.67654114],[0.72654114],"[array([-0.60176021,  4.36011109]), array([-1.81853325,  0.830982  ]), array([ 0.38628819, -1.01615452]), array([ 2.65353174, -3.85258546]), array([4.94699098, 3.14575376]), array([-3.76233388, -2.73836125])]",[2.47319085e-06],48,1.169161354313124,5.292887011007934,[0.69840757 0.11057516],39.95,"[[[-0.6017602147194658, 4.360111092139338], [-1.8185332533273346, 0.8309819980687134], [0.38628818737971393, -1.0161545208105438], [2.6535317350016516, -3.8525854599710527], [4.946990977540192, 3.1457537641212756], [-3.7623338787304634, -2.7383612482599955]], [[2.826197617334226, -3.87813302096599]], [[-5.0, 5.0]], [[5.0, -5.0]], [[-0.34611040262909903, -1.3159222044488532]], [[-5.0, 2.2466295576513517]], [[4.393095048421468, 0.16987222202392704]], [[-5.0, 0.3004600989112395]], [[1.9171141277278645, -2.339488669216568]], [[5.0, -0.9965043868049038]], [[-3.5401003982348453, 3.2139421831679154]], [[2.233387963453665, -5.0]], [[-3.334335155590486, 1.3827918638826628]], [[-3.0227970487873903, 5.0]], [[-2.0596686093487926, -0.13176505566164326]], [[0.18759731267712745, -5.0]], [[5.0, -0.5504195213987707]], [[0.15610353442072455, -2.827282530240889]], [[3.3866043636381953, -0.64377900437051]], [[0.5737986012333302, -2.6489110404337337]], [[0.9133415035209225, 0.10624350505501086]], [[-0.010812007550228762, -2.2019746331000194]], [[2.924564663275601, -3.0423940392412288]], [[2.169322884185569, -0.23631934431557303]], [[4.921476867824188, -1.1299979638547484]], [[-2.42368496648644, 1.791521729159765]], [[-1.781310307212686, 0.44374688329240897]]]"
49,"[-2.7608385246292664, -0.489869299317211]",[84.19809669],[6.57809669],"[array([-0.60176021,  4.36011109]), array([-1.81853325,  0.830982  ]), array([ 0.38628819, -1.01615452]), array([ 2.65353174, -3.85258546]), array([4.94699098, 3.14575376]), array([-3.76233388, -2.73836125])]",[2.06124405e-05],49,1.7222466641770038,5.609611940860153,[-0.10128874  0.69981468],77.62,"[[[-0.6017602147194658, 4.360111092139338], [-1.8185332533273346, 0.8309819980687134], [0.38628818737971393, -1.0161545208105438], [2.6535317350016516, -3.8525854599710527], [4.946990977540192, 3.1457537641212756], [-3.7623338787304634, -2.7383612482599955]], [[-4.8963824479450775, 1.7877407059064776]], [[-3.2118224570988856, -3.088645307055196]], [[1.4983863240040451, -5.0]], [[0.8518173864206772, -2.470966970150276]], [[-4.91143854185166, 5.0]], [[5.0, -5.0]], [[-2.8929120483686472, 4.05861971333899]], [[-2.0978457619438213, 2.6629204792050407]], [[4.93721638787544, -2.2739023421960334]], [[-4.761047138046108, -0.46700717941513975]], [[-5.0, 0.3423670708953987]], [[2.704425453882097, -2.4626745274138315]], [[5.0, -3.596758805212498]], [[-1.2228402425069242, -0.992581284639105]], [[-0.24343413045934353, -1.1258010965396634]], [[-3.6837861130653864, 0.022514498693193864]], [[-2.7800621700978607, 5.0]], [[-2.7608385246292664, -0.489869299317211]], [[-5.0, 2.3557700801102692]], [[-3.847634119895818, 1.3906194266654943]], [[-5.0, 2.5420101876815]], [[5.0, -4.550087383516833]], [[5.0, 0.5991771819041689]], [[-5.0, 1.0398058743192582]], [[5.0, 4.817457489339614]], [[-5.0, -3.3468110096749397]]]"
